scheme_code,isin_growth,isin_div,scheme_name,nav,nav_date
119551,INF209KA12Z1,INF209KA13Z9,Aditya Birla Sun Life Banking & PSU Debt Fund  - DIRECT - IDCW,106.6451,2026-07-01
119552,INF209K01YM2,-,Aditya Birla Sun Life Banking & PSU Debt Fund  - DIRECT - MONTHLY IDCW,117.4079,2026-07-01
119553,INF209K01YO8,-,Aditya Birla Sun Life Banking & PSU Debt Fund  - Direct - Quarterly IDCW,104.6819,2026-07-01
108272,INF209K01LX6,INF209KA11Z3,Aditya Birla Sun Life Banking & PSU Debt Fund  - REGULAR - IDCW,149.292,2026-07-01
110282,INF209K01LU2,-,Aditya Birla Sun Life Banking & PSU Debt Fund  - REGULAR - MONTHLY IDCW,112.6999,2026-07-01
108274,INF209K01LN7,-,Aditya Birla Sun Life Banking & PSU Debt Fund  - REGULAR - Quarterly IDCW,102.2869,2026-07-01
108273,INF209K01LV0,-,Aditya Birla Sun Life Banking & PSU Debt Fund - Regular Plan-Growth,386.7489,2026-07-01
119550,INF209K01YN0,-,Aditya Birla Sun Life Banking & PSU Debt Fund- Direct Plan-Growth,402.7544,2026-07-01
128952,INF846K01NF8,-,Axis Banking & PSU Debt Fund - Direct Plan - Bonus Option,1532.8272,2017-06-14
120437,-,INF846K01CU0,Axis Banking & PSU Debt Fund - Direct Plan - Daily IDCW,1039.131,2026-07-01
120438,INF846K01CR6,-,Axis Banking & PSU Debt Fund - Direct Plan - Growth Option,2883.4304,2026-07-01
120439,INF846K01CT2,INF846K01CS4,Axis Banking & PSU Debt Fund - Direct Plan - Monthly IDCW,1035.8792,2026-07-01
120436,INF846K01CV8,INF846K01CW6,Axis Banking & PSU Debt Fund - Direct Plan - Weekly IDCW,1039.8295,2026-07-01
128953,INF846K01NG6,-,Axis Banking & PSU Debt Fund - Regular Plan - Bonus Option,1289.4075,2015-05-18
117447,-,INF846K01CC8,Axis Banking & PSU Debt Fund - Regular Plan - Daily IDCW,1039.1303,2026-07-01
117446,INF846K01CB0,-,Axis Banking & PSU Debt Fund - Regular Plan - Growth option,2788.3777,2026-07-01
117449,INF846K01CF1,INF846K01CG9,Axis Banking & PSU Debt Fund - Regular Plan - Monthly IDCW,1035.8224,2026-07-01
117448,INF846K01CD6,INF846K01CE4,Axis Banking & PSU Debt Fund - Regular Plan - Weekly IDCW,1039.8102,2026-07-01
152164,INF0QA701649,INF0QA701631,Bajaj Finserv Banking and PSU Fund-  Direct Plan-Monthly- IDCW,11.0489,2026-07-01
152163,INF0QA701615,INF0QA701623,Bajaj Finserv Banking and PSU Fund- Direct Plan- IDCW,12.1726,2026-07-01
152165,INF0QA701557,-,Bajaj Finserv Banking and PSU Fund- Regular Plan- Growth,11.9977,2026-07-01
152166,INF0QA701565,INF0QA701573,Bajaj Finserv Banking and PSU Fund- Regular Plan- IDCW,11.9977,2026-07-01
152162,INF0QA701607,-,Bajaj Finserv Banking and PSU Fund-Direct Plan- Growth,12.1726,2026-07-01
152167,INF0QA701599,INF0QA701581,Bajaj Finserv Banking and PSU Fund-Regular Plan-Monthly-IDCW,10.9774,2026-07-01
121936,INF194K019M8,-,Bandhan Banking and PSU Fund - Direct Annual IDCW,12.341,2026-07-01
127471,-,INF194KA1JD3,Bandhan Banking and PSU Fund - Direct Daily IDCW,10.4768,2026-07-01
121934,-,INF194K010N5,Bandhan Banking and PSU Fund - Direct Fortnightly IDCW,10.4553,2026-07-01
121279,INF194K015G8,-,Bandhan Banking and PSU Fund - Direct Growth,26.9711,2026-07-01
121281,INF194K016G6,INF194K017G4,Bandhan Banking and PSU Fund - Direct IDCW,14.1874,2026-07-01
121935,-,INF194K011N3,Bandhan Banking and PSU Fund - Direct Monthly IDCW,10.4362,2026-07-01
121938,INF194K018M0,-,Bandhan Banking and PSU Fund - Direct Quarterly IDCW,11.0086,2026-07-01
121933,INF194K015M6,-,Bandhan Banking and PSU Fund - Regular Annual IDCW,11.3568,2026-07-01
127470,-,INF194KA1JC5,Bandhan Banking and PSU Fund - Regular Daily IDCW,10.8788,2026-07-01
121931,-,INF194K016M4,Bandhan Banking and PSU Fund - Regular Fortnightly IDCW,10.6111,2026-07-01
121280,INF194K01SN6,-,Bandhan Banking and PSU Fund - Regular Growth,26.1281,2026-07-01
121282,INF194K01SO4,INF194K012D2,Bandhan Banking and PSU Fund - Regular IDCW,14.109,2026-07-01
121932,-,INF194K017M2,Bandhan Banking and PSU Fund - Regular Monthly IDCW,10.6803,2026-07-01
121937,INF194K014M9,-,Bandhan Banking and PSU Fund - Regular Quarterly IDCW,10.9045,2026-07-01
150505,INF760K01KC4,-,Canara Robeco Banking and PSU Debt Fund- Direct Plan- Growth Option,12.8508,2026-07-01
150507,INF760K01KE0,INF760K01KD2,Canara Robeco Banking and PSU Debt Fund- Direct Plan- IDCW Payout,10.7732,2026-07-01
150503,INF760K01KF7,-,Canara Robeco Banking and PSU Debt Fund- Regular Plan- Growth Option,12.7013,2026-07-01
150504,INF760K01KH3,INF760K01KG5,Canara Robeco Banking and PSU Debt Fund- Regular Plan- IDCW (Payout/ Reinvestment),10.6569,2026-07-01
124175,INF740K01ZW2,-,DSP Banking & PSU Debt Fund - Direct Plan - Growth,26.2917,2026-07-01
124178,INF740K01A18,INF740K01A26,DSP Banking & PSU Debt Fund - Direct Plan - IDCW,10.6108,2026-07-01
124182,-,INF740KA1OF7,DSP Banking & PSU Debt Fund - Direct Plan - IDCW - Daily Reinvest,10.1889,2026-07-01
124176,INF740K01ZX0,INF740K01ZY8,DSP Banking & PSU Debt Fund - Direct Plan - IDCW - Monthly,10.4334,2026-07-01
124177,INF740K01ZZ5,INF740K01A00,DSP Banking & PSU Debt Fund - Direct Plan - IDCW - Quarterly,10.4481,2026-07-01
124183,INF740KA1OG5,INF740KA1OH3,DSP Banking & PSU Debt Fund - Direct Plan - IDCW - Weekly,10.221,2026-07-01
124172,INF740K01ZP6,-,DSP Banking & PSU Debt Fund - Regular Plan - Growth,25.3234,2026-07-01
124174,INF740K01ZU6,INF740K01ZV4,DSP Banking & PSU Debt Fund - Regular Plan - IDCW,10.6,2026-07-01
124173,-,INF740KA1OI1,DSP Banking & PSU Debt Fund - Regular Plan - IDCW - Daily Reinvest,10.1888,2026-07-01
124180,INF740K01ZQ4,INF740K01ZR2,DSP Banking & PSU Debt Fund - Regular Plan - IDCW - Monthly,10.4211,2026-07-01
124181,INF740K01ZS0,INF740K01ZT8,DSP Banking & PSU Debt Fund - Regular Plan - IDCW - Quarterly,10.4391,2026-07-01
124179,INF740KA1OJ9,INF740KA1OK7,DSP Banking & PSU Debt Fund - Regular Plan - IDCW - Weekly,10.2206,2026-07-01
140286,INF843K01FC8,-,Edelweiss Banking and PSU Debt Fund - Direct Plan - Growth Option,26.8593,2026-07-01
140288,INF843K01FD6,INF843K01FE4,Edelweiss Banking and PSU Debt Fund - Direct Plan - IDCW Option,18.605,2026-07-01
140291,INF843K01FG9,-,Edelweiss Banking and PSU Debt Fund - Direct Plan Fortnightly - IDCW Option,14.3543,2026-07-01
140293,INF843K01FI5,INF843K01FH7,Edelweiss Banking and PSU Debt Fund - Direct Plan Monthly - IDCW Option,10.9191,2026-07-01
140290,INF843K01FF1,-,Edelweiss Banking and PSU Debt Fund - Direct Plan weekly - IDCW Option,10.552,2026-07-01
140283,INF843K01FK1,-,Edelweiss Banking and PSU Debt Fund - Regular Plan - Growth Option,25.8437,2026-07-01
140284,INF843K01FL9,INF843K01FM7,Edelweiss Banking and PSU Debt Fund - Regular Plan - IDCW Option,17.6673,2026-07-01
140294,INF843K01FO3,-,Edelweiss Banking and PSU Debt Fund - Regular Plan Fortnightly - IDCW Option,13.8779,2026-07-01
140292,INF843K01FQ8,INF843K01FP0,Edelweiss Banking and PSU Debt Fund - Regular Plan Monthly - IDCW Option,11.1654,2026-07-01
140289,INF843K01FN5,-,Edelweiss Banking and PSU Debt Fund - Regular Plan Weekly - IDCW Option,10.1461,2026-07-01
129008,INF090I01KR8,-,Franklin India Banking & PSU Debt Fund - Direct - Growth,25.0367,2026-07-01
129006,INF090I01KO5,-,Franklin India Banking & PSU Debt Fund - Growth,23.8926,2026-07-01
129009,INF090I01KS6,INF090I01KT4,Franklin India Banking and PSU Debt Fund - Direct - IDCW,11.5075,2026-07-01
129007,INF090I01KP2,INF090I01KQ0,Franklin India Banking and PSU Debt Fund - IDCW,10.8826,2026-07-01
128628,INF179KA1JC4,-,HDFC Banking and PSU Debt Fund - Growth Option,24.3197,2026-07-01
128629,INF179KA1IZ7,-,HDFC Banking and PSU Debt Fund - Growth Option - Direct Plan,25.4173,2026-07-01
128627,INF179KA1JD2,INF179KA1JE0,HDFC Banking and PSU Debt Fund - IDCW Option,10.1565,2026-07-01
128626,INF179KA1JA8,INF179KA1JB6,HDFC Banking and PSU Debt Fund - IDCW Option - Direct Plan,10.0466,2026-07-01
151108,-,INF917K01HL7,HSBC Banking and PSU Debt Fund - Direct Daily IDCW,11.1907,2026-07-01
151107,INF917K01HH5,-,HSBC Banking and PSU Debt Fund - Direct Growth,27.0993,2026-07-01
151106,INF917K01HJ1,INF917K01HI3,HSBC Banking and PSU Debt Fund - Direct Monthly IDCW,11.2066,2026-07-01
151109,-,INF917K01HK9,HSBC Banking and PSU Debt Fund - Direct Weekly IDCW,10.3468,2026-07-01
151102,-,INF677K01AF4,HSBC Banking and PSU Debt Fund - Regular Daily IDCW,11.116,2026-07-01
151104,INF677K01AE7,-,HSBC Banking and PSU Debt Fund - Regular Growth,25.6427,2026-07-01
151105,INF677K01AI8,INF677K01AJ6,HSBC Banking and PSU Debt Fund - Regular Monthly IDCW,10.4001,2026-07-01
151103,-,INF917K01HM5,HSBC Banking and PSU Debt Fund - Regular Weekly IDCW,10.3197,2026-07-01
112343,INF109K01WS5,INF109K01RV9,ICICI Prudential Banking and PSU Debt Fund -  Daily IDCW,10.0549,2022-09-16
112344,INF109K01WR7,INF109K01RU1,ICICI Prudential Banking and PSU Debt Fund -  Weekly IDCW,10.2427,2022-09-16
130897,INF109KA1B57,-,ICICI Prudential Banking and PSU Debt Fund - Bonus,15.8889,2020-04-24
120257,INF109K01Z89,INF109K01Z97,ICICI Prudential Banking and PSU Debt Fund - Direct Plan -  Daily IDCW,10.2538,2022-09-16
120256,INF109K010A6,-,ICICI Prudential Banking and PSU Debt Fund - Direct Plan -  Growth,36.3499,2026-07-01
120258,INF109K011A4,INF109K012A2,ICICI Prudential Banking and PSU Debt Fund - Direct Plan -  Quarterly IDCW,13.1827,2026-07-01
120255,INF109K013A0,INF109K014A8,ICICI Prudential Banking and PSU Debt Fund - Direct Plan -  Weekly IDCW,10.3708,2022-09-16
130950,INF109KA1B40,-,ICICI Prudential Banking and PSU Debt Fund - Direct Plan Bonus,13.8665,2018-04-10
131148,INF109KA1M96,INF109KA1M88,ICICI Prudential Banking and PSU Debt Fund - Direct Plan Half Yearly IDCW Option,13.1098,2022-09-16
112342,INF109K01RT3,-,ICICI Prudential Banking and PSU Debt Fund - Growth,34.753,2026-07-01
116174,INF109K01YE1,INF109K01YD3,ICICI Prudential Banking and PSU Debt Fund - Quarterly IDCW,11.1576,2026-07-01
131147,INF109KA1M70,INF109KA1M62,ICICI Prudential Banking and PSU Debt Fund Half Yearly IDCW Option,12.9261,2022-09-16
113247,INF109K01WW7,INF109K01JM5,ICICI Prudential Banking and PSU Debt Fund Retail Daily Dividend,10.0122,2020-04-24
113242,INF109K01II5,-,ICICI Prudential Banking and PSU Debt Fund Retail Growth,21.631,2020-04-24
113243,INF109K01WV9,INF109K01IJ3,ICICI Prudential Banking and PSU Debt Fund Retail Weekly Dividend,10.3305,2015-08-20
120444,INF205K01KT4,-,Invesco India Banking and PSU Fund - Direct Plan -  Growth Option,2567.7377,2026-07-01
120443,-,INF205K01KS6,Invesco India Banking and PSU Fund - Direct Plan - Daily IDCW (Reinvestment),1064.2932,2026-07-01
120445,INF205K01KU2,INF205K01KV0,Invesco India Banking and PSU Fund - Direct Plan - Monthly IDCW (Payout / Reinvestment),1011.0688,2026-07-01
118234,-,INF205K01JX8,Invesco India Banking and PSU Fund - Regular Plan - Daily IDCW (Reinvestment),1051.1607,2026-07-01
118232,INF205K01JV2,-,Invesco India Banking and PSU Fund - Regular Plan - Growth Option,2389.4941,2026-07-01
118233,INF205K01JW0,INF205K01JY6,Invesco India Banking and PSU Fund - Regular Plan - Monthly IDCW (Payout / Reinvestment),1062.0635,2026-07-01
148534,INF00XX01861,-,ITI Banking & PSU Debt Fund - Direct Plan - Growth Option,14.1221,2026-07-01
148536,INF00XX01879,INF00XX01887,ITI Banking & PSU Debt Fund - Direct Plan - IDCW Option,14.1205,2026-07-01
148535,INF00XX01838,-,ITI Banking & PSU Debt Fund - Regular Plan - Growth Option,13.6876,2026-07-01
148533,INF00XX01846,INF00XX01853,ITI Banking & PSU Debt Fund - Regular Plan - IDCW Option,13.6888,2026-07-01
123690,INF174K01FO3,-,Kotak Banking and PSU Debt - Growth,69.3779,2026-07-01
123691,INF174K01FQ8,INF174K01FP0,Kotak Banking and PSU Debt - Monthly Payout of Income Distribution cum capital withdrawal option,13.0347,2026-07-01
123689,INF174K01KI5,INF174K01KJ3,Kotak Banking and PSU Debt Direct - Annual Dividend,17.1427,2017-09-15
123693,INF174K01KH7,-,Kotak Banking and PSU Debt Direct - Growth,72.5405,2026-07-01
123692,INF174K01KK1,INF174K01KL9,Kotak Banking and PSU Debt Direct - Monthly Payout of Income Distribution cum capital withdrawal option,10.3329,2026-07-01
120337,INF767K01GJ2,INF767K01GM6,LIC MF Banking & PSU Fund-Direct Plan-Daily IDCW,14.3176,2026-07-01
120338,INF767K01GI4,-,LIC MF Banking & PSU Fund-Direct Plan-Growth,39.8218,2026-07-01
120339,INF767K01GK0,INF767K01GN4,LIC MF Banking & PSU Fund-Direct Plan-Monthly IDCW,14.9974,2026-07-01
120336,INF767K01GL8,INF767K01GO2,LIC MF Banking & PSU Fund-Direct Plan-Weekly IDCW,10.0555,2026-07-01
105822,INF767K01519,INF767K01527,LIC MF Banking & PSU Fund-Regular Plan-Daily IDCW,11.7934,2026-07-01
105823,INF767K01535,-,LIC MF Banking & PSU Fund-Regular Plan-Growth,36.758,2026-07-01
105856,INF767K01543,INF767K01550,LIC MF Banking & PSU Fund-Regular Plan-Monthly IDCW,13.7571,2026-07-01
105857,INF767K01568,INF767K01576,LIC MF Banking & PSU Fund-Regular Plan-Weekly IDCW,10.3874,2026-07-01
148419,INF769K01FY9,-,Mirae Asset Banking and PSU Fund - Direct Plan - Growth,13.9688,2026-07-01
148417,INF769K01FX1,INF769K01FZ6,Mirae Asset Banking and PSU Fund - Direct Plan - IDCW,13.9617,2026-07-01
148416,INF769K01FV5,-,Mirae Asset Banking and PSU Fund - Regular Plan - Growth,13.6011,2026-07-01
148418,INF769K01FU7,INF769K01FW3,Mirae Asset Banking and PSU Fund - Regular plan - IDCW,13.6023,2026-07-01
134555,INF204KA1U79,INF204KA1U87,NIPPON INDIA BANKING and PSU  FUND - Direct Plan - IDCW Option,22.8351,2026-07-01
134553,INF204KA1U12,INF204KA1U20,NIPPON INDIA BANKING and PSU  FUND - WEEKLY IDCW Option,10.3239,2026-07-01
134547,INF204KA1U53,-,Nippon India Banking and PSU  Fund- Direct Plan-Growth Plan- Growth Option,22.8351,2026-07-01
134550,INF204KA1V37,INF204KA1V45,NIPPON INDIA BANKING and PSU FUND - Direct Plan - MONTHLY IDCW Option,10.8333,2026-07-01
134556,INF204KA1U95,INF204KA1V03,NIPPON INDIA BANKING and PSU FUND - Direct Plan - QUARTERLY IDCW Option,10.8897,2026-07-01
134554,INF204KA1V11,INF204KA1V29,NIPPON INDIA BANKING and PSU FUND - Direct Plan - WEEKLY IDCW Option,10.323,2026-07-01
134548,INF204KA1T72,INF204KA1T80,NIPPON INDIA BANKING and PSU FUND - IDCW Option,21.9177,2026-07-01
134549,INF204KA1U38,INF204KA1U46,NIPPON INDIA BANKING and PSU FUND - MONTHLY IDCW Option,10.7626,2026-07-01
134551,INF204KA1T98,INF204KA1U04,NIPPON INDIA BANKING and PSU FUND - QUARTERLY IDCW Option,10.8258,2026-07-01
134552,INF204KA1U61,-,Nippon India Banking and PSU Fund- Direct Plan-Growth Plan- Bonus Option,22.8345,2026-07-01
134546,INF204KA1T64,-,Nippon India Banking and PSU Fund- Growth Plan- Bonus Option,12.3452,2018-02-02
134545,INF204KA1T56,-,Nippon India Banking and PSU Fund- Growth Plan- Growth Option,21.9177,2026-07-01
125502,-,INF200K01V16,SBI Banking & PSU Fund - Direct Plan - Daily Income Distribution cum Capital Withdrawal Option (IDCW),1544.8592,2026-07-01
125503,INF200K01V08,-,SBI BANKING & PSU FUND - Direct Plan - Growth,3507.2792,2026-07-01
125505,INF200K01V40,INF200K01V57,SBI Banking & PSU Fund - Direct Plan - Monthly Income Distribution cum Capital Withdrawal Option (IDCW),1317.6228,2026-07-01
125504,INF200K01V32,INF200K01V24,SBI Banking & PSU Fund - Direct Plan - Weekly Income Distribution cum Capital Withdrawal Option (IDCW),1541.4291,2026-07-01
125498,INF200K01U41,-,SBI BANKING & PSU FUND - Regular Paln - Growth,3287.5991,2026-07-01
125499,-,INF200K01U58,SBI Banking & PSU Fund - Regular Plan - Daily Income Distribution cum Capital Withdrawal Option (IDCW),1499.8948,2026-07-01
125501,INF200K01U82,INF200K01U90,SBI Banking & PSU Fund - Regular Plan - Monthly Income Distribution cum Capital Withdrawal Option (IDCW),1226.9752,2026-07-01
125500,INF200K01U74,INF200K01U66,SBI Banking & PSU Fund - Regular Plan - Weekly Income Distribution cum Capital Withdrawal Option (IDCW),1499.5372,2026-07-01
134363,INF903J017I5,-,Sundaram Banking & PSU Fund (Formerly Known as Sundaram Banking & PSU Debt Fund) - Direct Growth,11.7065,2017-03-17
134370,INF903J012J4,INF903J013J2,Sundaram Banking & PSU Fund (Formerly Known as Sundaram Banking & PSU Debt Fund) - Direct Monthly Dividend,11.4008,2017-03-17
134369,INF903J019I1,INF903J014J0,Sundaram Banking & PSU Fund (Formerly Known as Sundaram Banking & PSU Debt Fund) - Direct Quarterly Dividend,10.6356,2016-03-31
134355,INF903J016I7,-,Sundaram Banking & PSU Fund (Formerly Known as Sundaram Banking & PSU Debt Fund) - Regular Annual Bonus,11.6319,2017-02-17
134358,-,INF903J010I0,Sundaram Banking & PSU Fund (Formerly Known as Sundaram Banking & PSU Debt Fund) - Regular Daily Dividend Reinvestment,11.6582,2017-03-17
134356,INF903J016H9,-,Sundaram Banking & PSU Fund (Formerly Known as Sundaram Banking & PSU Debt Fund) - Regular Growth,11.6493,2017-03-17
134359,INF903J018H5,INF903J012I6,Sundaram Banking & PSU Fund (Formerly Known as Sundaram Banking & PSU Debt Fund) - Regular Monthly Dividend,11.1411,2017-03-17
134361,INF903J014I2,-,Sundaram Banking & PSU Fund (Formerly Known as Sundaram Banking & PSU Debt Fund) - Regular Quarterly Bonus,11.1681,2016-08-16
134362,INF903J019H3,INF903J013I4,Sundaram Banking & PSU Fund (Formerly Known as Sundaram Banking & PSU Debt Fund) - Regular Quarterly Dividend,11.0236,2017-03-17
134360,INF903J017H7,INF903J011I8,Sundaram Banking & PSU Fund (Formerly Known as Sundaram Banking & PSU Debt Fund) - Regular Weekly Dividend,10.1418,2017-03-17
119629,INF903J01RI4,-,Sundaram Banking & PSU Fund (Formerly Known as Sundaram Banking and PSU Debt Fund) Direct Plan - Bonus,21.8981,2025-06-27
119627,-,INF903J01PC1,Sundaram Banking & PSU Fund (Formerly Known as Sundaram Banking and PSU Debt Fund) Direct Plan - Daily Reinvestment of Income Distribution cum Capital Withdrawal (IDCW),10.23,2024-06-28
119625,INF903J01PA5,-,Sundaram Banking & PSU Fund (Formerly Known as Sundaram Banking and PSU Debt Fund) Direct Plan - Growth,46.2133,2026-07-01
119626,INF903J01PB3,INF903J01PE7,Sundaram Banking & PSU Fund (Formerly Known as Sundaram Banking and PSU Debt Fund) Direct Plan - Income Distribution cum Capital Withdrawal (IDCW),11.5049,2026-07-01
118326,INF903J01LY4,-,Sundaram Banking & PSU Fund (Formerly Known as Sundaram Banking and PSU Debt Fund) Regular Plan - Bonus,21.7644,2025-06-27
100782,-,INF903J01IP8,Sundaram Banking & PSU Fund (Formerly Known as Sundaram Banking and PSU Debt Fund) Regular Plan - Daily Reinvestment of Income Distribution cum Capital Withdrawal (IDCW),10.355,2024-06-28
100784,INF903J01IN3,-,Sundaram Banking & PSU Fund (Formerly Known as Sundaram Banking and PSU Debt Fund) Regular Plan - Growth,45.4966,2026-07-01
100793,INF903J01IO1,INF903J01IR4,Sundaram Banking & PSU Fund (Formerly Known as Sundaram Banking and PSU Debt Fund) Regular Plan - Income Distribution cum Capital Withdrawal (IDCW),11.5298,2026-07-01
100783,-,INF903J01IQ6,Sundaram Banking & PSU Fund (Formerly Known as Sundaram Banking and PSU Debt Fund) Regular Plan - Weekly Reinvestment of Income Distribution cum Capital Withdrawal (IDCW),12.1035,2024-06-28
100781,INF903J01IK9,-,Sundaram Banking & PSU Fund (Formerly Known as Sundaram Banking and PSU Debt Fund) Retail Plan - Growth,35.6206,2024-06-28
100780,INF903J01IL7,INF903J01IM5,Sundaram Banking & PSU Fund (Formerly Known as Sundaram Banking and PSU Debt Fund) Retail Plan - Monthly Income Distribution cum Capital Withdrawal (IDCW),11.4908,2024-06-28
140135,INF789FA1V03,INF789FA1V11,UTI Banking & PSU Fund - Direct Plan - Annual IDCW,13.584,2026-07-01
133972,INF789FA1V29,INF789FA1V37,UTI Banking & PSU Fund - Direct Plan - Flexi IDCW,20.441,2026-07-01
126940,INF789F015Z6,-,UTI Banking & PSU Fund - Direct Plan - Growth Option,23.7209,2026-07-01
141375,INF789FA1U87,INF789FA1U95,UTI Banking & PSU Fund - Direct Plan - Half-Yearly IDCW,15.7406,2026-07-01
134026,INF789FC1HE1,INF789FC1HF8,UTI Banking & PSU Fund - Direct Plan - Monthly IDCW,13.6964,2026-07-01
126942,INF789F016Z4,INF789F017Z2,UTI Banking & PSU Fund - Direct Plan - Quarterly IDCW,17.6551,2026-07-01
140116,INF789FA1U46,INF789FA1U53,UTI Banking & PSU Fund - Regular Plan - Annual IDCW,13.2928,2026-07-01
133971,INF789FA1U61,INF789FA1U79,UTI Banking & PSU Fund - Regular Plan - Flexi IDCW,15.6013,2026-07-01
139407,INF789FA1U20,INF789FA1U38,UTI Banking & PSU Fund - Regular Plan - Half-Yearly IDCW,15.5359,2026-07-01
136110,INF789FC1HC5,INF789FC1HD3,UTI Banking & PSU Fund - Regular Plan - Monthly IDCW,13.426,2026-07-01
126941,INF789F012Z3,INF789F013Z1,UTI Banking & PSU Fund - Regular Plan - Quarterly IDCW,15.9651,2026-07-01
126939,INF789F014Z9,-,UTI Banking & PSU Fund- Regular Plan - Growth Option,23.2643,2026-07-01
119533,INF209K01S38,-,Aditya Birla Sun Life Corporate Bond Fund - Growth - Direct Plan,121.5097,2026-07-01
103178,INF209K01785,-,Aditya Birla Sun Life Corporate Bond Fund - Growth - Regular Plan,119.2592,2026-07-01
124832,INF209KA1KT0,-,Aditya Birla Sun Life Corporate Bond Fund -DIRECT - IDCW,10.6343,2026-07-01
119532,INF209K01N90,INF209KA1KU8,Aditya Birla Sun Life Corporate Bond Fund -DIRECT - MONTHLY IDCW,12.8939,2026-07-01
124833,INF209KA1KS2,-,Aditya Birla Sun Life Corporate Bond Fund -REGULAR - IDCW,11.9213,2026-07-01
103183,INF209K01983,INF209K01DL8,Aditya Birla Sun Life Corporate Bond Fund -REGULAR - MONTHLY IDCW,12.672,2026-07-01
141586,INF846K01ZN6,-,Axis Corporate Bond Fund - Direct Plan - Daily IDCW,10.2348,2026-07-01
141590,INF846K01ZQ9,INF846K01ZR7,Axis Corporate Bond Fund - Direct Plan - Monthly IDCW,10.2231,2026-07-01
141591,INF846K01ZS5,INF846K01ZT3,Axis Corporate Bond Fund - Direct Plan - Regular IDCW,15.0438,2026-07-01
141587,INF846K01ZO4,INF846K01ZP1,Axis Corporate Bond Fund - Direct Plan - Weekly IDCW,10.3807,2026-07-01
141588,INF846K01ZM8,-,Axis Corporate Bond Fund - Direct Plan Growth,19.283,2026-07-01
141589,INF846K01ZV9,-,Axis Corporate Bond Fund - Regular Plan - Daily IDCW,10.2347,2026-07-01
141594,INF846K01ZY3,INF846K01ZZ0,Axis Corporate Bond Fund - Regular Plan - Monthly IDCW,10.2193,2026-07-01
141595,INF846K01A03,INF846K01A11,Axis Corporate Bond Fund - Regular Plan - Regular IDCW,13.9942,2026-07-01
141592,INF846K01ZW7,INF846K01ZX5,Axis Corporate Bond Fund - Regular Plan - Weekly IDCW,10.2621,2026-07-01
141593,INF846K01ZU1,-,Axis Corporate Bond Fund - Regular Plan Growth,18.1133,2026-07-01
139201,INF194KA1T34,INF194KA1T42,BANDHAN Corporate Bond Fund - Direct Annual IDCW,10.5152,2026-07-01
135916,INF194KA1M23,-,BANDHAN Corporate Bond Fund - Direct Growth,21.1061,2026-07-01
139200,INF194KA1T00,INF194KA1T18,BANDHAN Corporate Bond Fund - Direct Half Yearly IDCW,11.8375,2026-07-01
139198,INF194KA1S43,INF194KA1S50,BANDHAN Corporate Bond Fund - Direct Monthly IDCW,10.3504,2026-07-01
135917,INF194KA1M31,INF194KA1M49,BANDHAN Corporate Bond Fund - Direct Periodic IDCW,14.0026,2026-07-01
139199,INF194KA1S76,INF194KA1S84,BANDHAN Corporate Bond Fund - Direct Quarterly IDCW,10.6907,2026-07-01
139204,INF194KA1S19,INF194KA1S27,BANDHAN Corporate Bond Fund - Regular Annual IDCW,10.4981,2026-07-01
135914,INF194KA1L81,-,BANDHAN Corporate Bond Fund - Regular Growth,20.4311,2026-07-01
139203,INF194KA1R85,INF194KA1R93,BANDHAN Corporate Bond Fund - Regular Half Yearly IDCW,11.2033,2026-07-01
139202,INF194KA1R28,INF194KA1R36,BANDHAN Corporate Bond Fund - Regular Monthly IDCW,10.6041,2026-07-01
135915,INF194KA1L99,INF194KA1M07,BANDHAN Corporate Bond Fund - Regular Periodic IDCW,13.7732,2026-07-01
139205,INF194KA1R51,INF194KA1R69,BANDHAN Corporate Bond Fund - Regular Quarterly IDCW,10.7228,2026-07-01
150230,INF251K01EN4,INF251K01EO2,BARODA BNP PARIBAS Corporate Bond Fund - Defunct Plan - Annual-IDCW Option,12.1826,2026-07-01
150229,INF251K01EI4,-,BARODA BNP PARIBAS Corporate Bond Fund - Defunct Plan - Growth Option,33.844,2026-07-01
150231,INF251K01EJ2,INF251K01EK0,BARODA BNP PARIBAS Corporate Bond Fund - Defunct Plan - Monthly-IDCW Option,10.3716,2026-07-01
150228,INF251K01EL8,INF251K01EM6,BARODA BNP PARIBAS Corporate Bond Fund - Defunct Plan - Quarterly-IDCW Option,10.3673,2026-07-01
150236,INF251K01GU4,INF251K01GV2,BARODA BNP PARIBAS Corporate Bond Fund - Direct Plan - Annual IDCW Option,12.4823,2026-07-01
150237,INF251K01GP4,-,BARODA BNP PARIBAS Corporate Bond Fund - Direct Plan - Growth Option,31.1408,2026-07-01
150238,INF251K01GQ2,INF251K01GR0,BARODA BNP PARIBAS Corporate Bond Fund - Direct Plan - Monthly IDCW Option,10.5863,2026-07-01
150239,INF251K01GS8,INF251K01GT6,BARODA BNP PARIBAS Corporate Bond Fund - Direct Plan - Quarterly IDCW Option,10.6187,2026-07-01
150233,INF251K01EU9,INF251K01EV7,BARODA BNP PARIBAS CORPORATE BOND FUND - Regular Plan - ANNUAL IDCW OPTION,12.1038,2026-07-01
150235,INF251K01EP9,-,BARODA BNP PARIBAS CORPORATE BOND FUND - Regular Plan - GROWTH OPTION,29.2409,2026-07-01
150234,INF251K01EQ7,INF251K01ER5,BARODA BNP PARIBAS CORPORATE BOND FUND - Regular Plan - MONTHLY IDCW OPTION,10.4169,2026-07-01
150232,INF251K01ES3,INF251K01ET1,BARODA BNP PARIBAS CORPORATE BOND FUND - Regular Plan - QUARTERLY IDCW OPTION,10.3801,2026-07-01
126685,INF760K01HB2,-,CANARA ROBECO CORPORATE BOND FUND - DIRECT PLAN - GROWTH OPTION,24.5225,2026-07-01
126686,INF760K01HC0,INF760K01HD8,CANARA ROBECO CORPORATE BOND FUND - DIRECT PLAN - IDCW (Payout/Reinvestment),12.4071,2026-07-01
126687,INF760K01GY6,-,CANARA ROBECO CORPORATE BOND FUND - REGULAR PLAN - GROWTH OPTION,22.7399,2026-07-01
126688,INF760K01GZ3,INF760K01HA4,CANARA ROBECO CORPORATE BOND FUND - REGULAR PLAN - IDCW (Payout/Reinvestment),11.5289,2026-07-01
144646,INF740KA1KE8,-,DSP Corporate Bond Fund - Direct - Growth,17.2649,2026-07-01
144647,INF740KA1KF5,INF740KA1KG3,DSP Corporate Bond Fund - Direct - IDCW,11.4752,2026-07-01
144651,INF740KA1KH1,INF740KA1KI9,DSP Corporate Bond Fund - Direct - IDCW - Monthly,10.618,2026-07-01
144648,INF740KA1KJ7,INF740KA1KK5,DSP Corporate Bond Fund - Direct - IDCW - Quarterly,11.4033,2026-07-01
144644,INF740KA1JX0,-,DSP Corporate Bond Fund - Regular - Growth,16.9266,2026-07-01
144650,INF740KA1JY8,INF740KA1JZ5,DSP Corporate Bond Fund - Regular - IDCW,11.4452,2026-07-01
144645,INF740KA1KA6,INF740KA1KB4,DSP Corporate Bond Fund - Regular - IDCW - Monthly,10.5934,2026-07-01
144649,INF740KA1KC2,INF740KA1KD0,DSP Corporate Bond Fund - Regular - IDCW - Quarterly,10.7518,2026-07-01
119289,INF090I01KC0,-,Franklin India Corporate Debt Fund - Direct - Bonus,0.0,2015-05-08
118569,INF090I01FW8,-,Franklin India Corporate Debt Fund - Direct - GROWTH,115.1889,2026-07-01
100528,INF090I01DG6,-,Franklin India Corporate Debt Fund - Growth,105.8127,2026-07-01
100532,INF090I01DC5,-,Franklin India Corporate Debt Fund - Monthly Bonus,0.0,2015-06-08
100527,INF090I01DH4,INF090I01DI2,Franklin India Corporate Debt Fund - Plan A - Annual - IDCW,16.8884,2026-07-01
118570,INF090I01FX6,INF090I01FY4,Franklin India Corporate Debt Fund - Plan A - Direct - Annual - IDCW,18.9569,2026-07-01
118573,INF090I01FU2,INF090I01FV0,Franklin India Corporate Debt Fund - Plan A - Direct - Half yearly - IDCW,14.8628,2026-07-01
118571,INF090I01FQ0,INF090I01FR8,Franklin India Corporate Debt Fund - Plan A - Direct - Monthly - IDCW,16.9926,2026-07-01
118572,INF090I01FS6,INF090I01FT4,Franklin India Corporate Debt Fund - Plan A - Direct - Quarterly - IDCW,13.5842,2026-07-01
100531,INF090I01DN2,INF090I01DO0,Franklin India Corporate Debt Fund - Plan B - Half yearly - IDCW,12.5928,2026-07-01
100529,INF090I01DJ0,INF090I01DK8,Franklin India Corporate Debt Fund - Plan B - Monthly - IDCW,15.2247,2026-07-01
100530,INF090I01DL6,INF090I01DM4,Franklin India Corporate Debt Fund - Plan B - Quarterly - IDCW,11.9938,2026-07-01
113070,INF179K01DC2,-,HDFC Corporate Bond Fund - Growth Option,34.3506,2026-07-01
118987,INF179K01XD8,-,HDFC Corporate Bond Fund - Growth Option - Direct Plan,35.1895,2026-07-01
132848,INF179KA1D33,INF179KA1D25,HDFC Corporate Bond Fund - IDCW Option,20.7947,2026-07-01
132849,INF179KA1D17,-,HDFC Corporate Bond Fund - IDCW Option - Direct Plan,21.5616,2026-07-01
113071,INF179K01DD0,INF179K01DE8,HDFC Corporate Bond Fund - Quarterly IDCW Option,10.5709,2026-07-01
118986,INF179K01XB2,INF179K01XC0,HDFC Corporate Bond Fund - Quarterly IDCW Option - Direct Plan,10.4639,2026-07-01
151000,INF917K01VZ8,INF917K01VY1,HSBC Corporate Bond Fund - Direct Annual IDCW,11.7446,2026-07-01
150996,INF917K01HN3,-,HSBC Corporate Bond Fund - Direct Growth,82.6837,2026-07-01
150998,INF917K01HP8,INF917K01HO1,HSBC Corporate Bond Fund - Direct Quarterly IDCW,11.259,2026-07-01
150997,INF917K01HR4,INF917K01HQ6,HSBC Corporate Bond Fund - Direct Semi Annual IDCW,19.9849,2026-07-01
151001,INF917K01WB7,INF917K01WA9,HSBC Corporate Bond Fund - Regular Annual IDCW,11.4583,2026-07-01
150992,INF917K01AH0,-,HSBC Corporate Bond Fund - Regular Growth,77.4086,2026-07-01
150993,INF917K01AF4,INF917K01AG2,HSBC Corporate Bond Fund - Regular Quarterly IDCW,10.8426,2026-07-01
150994,INF917K01AI8,INF917K01AJ6,HSBC Corporate Bond Fund - Regular Semi Annual IDCW,16.665,2026-07-01
150995,INF917K01AK4,-,HSBC Corporate Bond Fund -Regular Plan - Bonus,29.4039,2026-07-01
130947,INF109KA1I84,-,ICICI Prudential Corporate Bond Fund - Bonus,14.9782,2020-04-24
111988,INF109K01CR9,-,ICICI Prudential Corporate Bond Fund - Daily IDCW,10.1065,2022-09-16
120695,INF109K013B8,-,ICICI Prudential Corporate Bond Fund - Direct Plan - Daily IDCW,10.1008,2022-09-16
120696,INF109K014B6,INF109K015B3,ICICI Prudential Corporate Bond Fund - Direct Plan - Fortnightly IDCW,12.1669,2022-09-16
120692,INF109K016B1,-,ICICI Prudential Corporate Bond Fund - Direct Plan - Growth,33.3874,2026-07-01
131152,INF109KA1N38,INF109KA1N20,ICICI Prudential Corporate Bond Fund - Direct Plan - Half Yearly IDCW Option,12.8827,2022-09-16
120697,INF109K017B9,INF109K018B7,ICICI Prudential Corporate Bond Fund - Direct Plan - Monthly IDCW,10.2233,2026-07-01
120694,INF109K019B5,INF109K012C8,ICICI Prudential Corporate Bond Fund - Direct Plan - Quarterly IDCW,15.6991,2026-07-01
120693,INF109K010C2,INF109K011C0,ICICI Prudential Corporate Bond Fund - Direct Plan - Weekly IDCW,10.2332,2022-09-16
111990,INF109K01SJ2,INF109K01CS7,ICICI Prudential Corporate Bond Fund - Fortnightly IDCW,10.2243,2022-09-16
111987,INF109K01CQ1,-,ICICI Prudential Corporate Bond Fund - Growth,31.8056,2026-07-01
131151,INF109KA1N12,INF109KA1N04,ICICI Prudential Corporate Bond Fund - Half Yearly IDCW Option,12.6555,2022-09-16
111991,INF109K01SK0,INF109K01CT5,ICICI Prudential Corporate Bond Fund - Monthly IDCW,10.3781,2026-07-01
111982,INF109K01CL2,-,ICICI Prudential Corporate Bond Fund - Premium Daily Dividend,10.0277,2020-04-24
111985,INF109K01CO6,-,ICICI Prudential Corporate Bond Fund - Premium Monthly Dividend,10.077,2015-08-04
111989,INF109K01SL8,INF109K01SM6,ICICI Prudential Corporate Bond Fund - Weekly IDCW,10.304,2022-09-16
111992,INF109K01SN4,INF109K01SO2,ICICI Prudential Corporate Bond Fund -Quarterly IDCW,11.3471,2026-07-01
111976,INF109K01CF4,-,ICICI Prudential Corporate Bond Fund Retail Daily Dividend,10.0275,2020-04-24
111978,INF109K01SF0,INF109K01CH0,ICICI Prudential Corporate Bond Fund Retail Fort Nightly Dividend,10.3041,2020-04-24
111972,INF109K01CE7,-,ICICI Prudential Corporate Bond Fund Retail Growth,22.7853,2020-04-24
111979,INF109K01QM0,INF109K01CI8,ICICI Prudential Corporate Bond Fund Retail Monthly Dividend,10.3008,2020-04-24
111980,INF109K01FQ4,INF109K01CJ6,ICICI Prudential Corporate Bond Fund Retail Quarterly Dividend,10.9335,2020-04-24
111977,INF109K01SE3,INF109K01CG2,ICICI Prudential Corporate Bond Fund Retail Weekly Dividend,10.2202,2020-04-24
120500,INF205K01RA9,INF205K01RB7,Invesco India Corporate Bond Fund - Direct Plan - Annual IDCW (Payout / Reinvestment),1240.3349,2026-07-01
120499,INF205K01RD3,INF205K01RE1,Invesco India Corporate Bond Fund - Direct Plan - Discretionary IDCW (Payout / Reinvestment),3611.6491,2026-07-01
120497,INF205K01RF8,-,Invesco India Corporate Bond Fund - Direct Plan - Growth,3610.4959,2026-07-01
120496,INF205K01RG6,INF205K01RH4,Invesco India Corporate Bond Fund - Direct Plan - Monthly IDCW (Payout / Reinvestment),1256.7674,2026-07-01
120501,INF205K01RI2,INF205K01RJ0,Invesco India Corporate Bond Fund - Direct Plan - Quarterly IDCW (Payout / Reinvestment),1170.5876,2026-07-01
106179,INF205K01QX3,INF205K01QY1,Invesco India Corporate Bond Fund - Regular Plan - Annual IDCW (Payout / Reinvestment),1335.8671,2026-07-01
116109,INF205K01RK8,INF205K01RL6,Invesco India Corporate Bond Fund - Regular Plan - Discretionary IDCW (Payout / Reinvestment),3525.591,2026-07-01
106177,INF205K01RM4,-,Invesco India Corporate Bond Fund - Regular Plan - Growth,3355.7525,2026-07-01
106171,INF205K01RN2,INF205K01RO0,Invesco India Corporate Bond Fund - Regular Plan - Monthly IDCW (Payout / Reinvestment),1923.4049,2026-07-01
106172,INF205K01RP7,INF205K01RQ5,Invesco India Corporate Bond Fund - Regular Plan - Quarterly IDCW (Payout / Reinvestment),1165.4593,2026-07-01
133770,-,-,Kotak Coporate Bond Fund- Retail Plan-Growth Option,2034.9063,2016-10-21
133791,INF178L01BY0,-,Kotak Corporate Bond Fund- Direct Plan- Growth Option,4184.1981,2026-07-01
133792,INF178L01BZ7,-,Kotak Corporate Bond Fund- Direct Plan- Monthly Payout of Income Distribution cum capital withdrawal option,1081.1538,2026-07-01
133772,INF178L01921,-,Kotak Corporate Bond Fund- Institutional Plan-Growth Option,2090.4924,2016-10-21
133782,INF178L01BO1,-,Kotak Corporate Bond Fund- Regular Plan-Growth Option,3994.0457,2026-07-01
133787,INF178L01BQ6,INF178L01BP8,Kotak Corporate Bond Fund- Regular Plan-Monthly Dividend Option,1301.1086,2026-07-01
133777,INF178L01BR4,-,Kotak Corporate Bond Fund- Regular Plan-Quarterly Dividend Option,1066.6837,2017-09-15
133779,INF178L01855,-,Kotak Corporate Bond Fund- Retail Plan- Monthly Dividend Option,1040.0538,2016-10-21
133771,INF178L01897,-,Kotak Corporate Bond Fund- Retail Plan- Weekly Dividend Option,1052.3061,2016-10-21
133783,-,-,Kotak Corporate Bond Fund- Retail Plan-Daily Dividend Option,1052.6393,2016-10-21
133776,INF178L01BU8,-,Kotak Corporate Bond Fund- Standard Plan-Daily Dividend Option,1052.7994,2016-10-21
133786,-,INF178L01BT0,Kotak Corporate Bond Fund- Standard Plan-Weekly Dividend Option,1202.9939,2016-10-21
148755,INF769K01HD9,-,Mirae Asset Corporate Bond Fund Direct Growth Plan,13.7626,2026-07-01
148756,INF769K01HC1,INF769K01HE7,Mirae Asset Corporate Bond Fund Direct IDCW,13.7592,2026-07-01
148757,INF769K01HA5,-,Mirae Asset Corporate Bond Fund Regular Growth,13.447,2026-07-01
148758,INF769K01GZ4,INF769K01HB3,Mirae Asset Corporate Bond Fund Regular IDCW,13.447,2026-07-01
109472,-,INF204K01EG7,NIPPON INDIA CORPORATE BOND FUND - DAILY IDCW Option,17.0959,2026-07-01
118808,-,INF204K01C23,NIPPON INDIA CORPORATE BOND FUND - DIRECT Plan - DAILY IDCW Option,17.0959,2026-07-01
125266,INF204KA1EO9,INF204KA1EP6,NIPPON INDIA CORPORATE BOND FUND - DIRECT Plan - IDCW Option,21.1993,2026-07-01
118809,INF204K01C56,INF204K01C64,NIPPON INDIA CORPORATE BOND FUND - DIRECT Plan - MONTHLY IDCW Option,11.8443,2026-07-01
118811,INF204K01C72,INF204K01C80,NIPPON INDIA CORPORATE BOND FUND - DIRECT Plan - QUARTERLY IDCW Option,12.1898,2026-07-01
118812,INF204K01C31,INF204K01C49,NIPPON INDIA CORPORATE BOND FUND - DIRECT Plan - WEEKLY IDCW Option,17.1011,2026-07-01
118807,INF204K01D63,-,Nippon India Corporate Bond Fund - Direct Plan Growth Plan - Bonus,47.7642,2026-07-01
118814,INF204K01C15,-,Nippon India Corporate Bond Fund - Direct Plan Growth Plan - Growth Option,66.9013,2026-07-01
100859,INF204KA12N8,-,Nippon India Corporate Bond Fund - Growth Plan - Bonus Option,45.3503,2026-07-01
100856,INF204K01EF9,-,Nippon India Corporate Bond Fund - Growth Plan - Growth Option,63.4987,2026-07-01
125267,INF204KA1EM3,INF204KA1EN1,NIPPON INDIA CORPORATE BOND FUND - IDCW Option,20.3432,2026-07-01
100857,INF204K01EJ1,INF204K01EK9,NIPPON INDIA CORPORATE BOND FUND - MONTHLY IDCW Option,11.7118,2026-07-01
100858,INF204K01EL7,INF204K01EM5,NIPPON INDIA CORPORATE BOND FUND - QUARTERLY IDCW Option,12.0305,2026-07-01
109473,INF204K01EH5,INF204K01EI3,NIPPON INDIA CORPORATE BOND FUND - WEEKLY IDCW Option,17.1009,2026-07-01
138317,INF223J01CY6,INF223J01CZ3,PGIM India Corporate Bond Fund - Annual Dividend,10.2526,2026-07-01
138329,INF223J01OM6,-,PGIM India Corporate Bond Fund - Direct Plan - Annual Dividend,15.855,2026-07-01
138330,INF223J01OO2,-,PGIM India Corporate Bond Fund - Direct Plan - Growth,50.9145,2026-07-01
138331,INF223J01OP9,-,PGIM India Corporate Bond Fund - Direct Plan - Monthly Dividend,14.3315,2026-07-01
138332,INF223J01OR5,INF223J01OS3,PGIM India Corporate Bond Fund - Direct Plan - Quarterly Dividend,12.8197,2026-07-01
138318,INF223J01DB2,-,PGIM India Corporate Bond Fund - Growth,45.365,2026-07-01
138316,INF223J01DC0,INF223J01DD8,PGIM India Corporate Bond Fund - Monthly Dividend,12.2695,2026-07-01
138323,INF223J01CQ2,-,PGIM India Corporate Bond Fund - Premium Plus Plan - Growth,21.588,2022-01-21
138315,INF223J01DE6,INF223J01DF3,PGIM India Corporate Bond Fund - Quarterly Dividend,11.2672,2026-07-01
138336,INF223J01WZ1,-,PGIM India Premier Bond Fund - Annual Bonus,24.9334,2016-08-01
138324,INF223J01DA4,-,PGIM India Premier Bond Fund - Bonus,15.226,2016-08-01
138333,INF223J01WG1,-,PGIM India Premier Bond Fund - Direct Plan - Half-Yearly Bonus,13.2164,2016-08-01
138334,INF223J01WF3,-,PGIM India Premier Bond Fund - Half-Yearly Bonus,13.5688,2019-05-24
146215,INF200KA1YR4,-,SBI Corporate Bond Fund - Direct Plan - Growth,16.9347,2026-07-01
146212,INF200KA1YS2,INF200KA1YT0,SBI Corporate Bond Fund - Direct Plan - Monthly Income Distribution cum Capital Withdrawal Option (IDCW),15.9847,2026-07-01
146216,INF200KA1YU8,INF200KA1YV6,SBI Corporate Bond Fund - Direct Plan - Quarterly Income Distribution cum Capital Withdrawal Option (IDCW),16.4629,2026-07-01
146207,INF200KA1YM5,-,SBI Corporate Bond Fund - Regular Plan - Growth,16.3707,2026-07-01
146208,INF200KA1YN3,INF200KA1YO1,SBI Corporate Bond Fund - Regular Plan - Monthly Income Distribution cum Capital Withdrawal Option (IDCW),15.4498,2026-07-01
146210,INF200KA1YP8,INF200KA1YQ6,SBI Corporate Bond Fund - Regular Plan - Quarterly Income Distribution cum Capital Withdrawal Option (IDCW),15.906,2026-07-01
119628,-,INF903J01PD9,Sundaram Banking and PSU Debt Fund Direct Plan - Weekly Reinvestment of Income Distribution cum Capital Withdrawal (IDCW),13.0091,2024-06-28
119621,INF903J01NR4,-,Sundaram Corporate Bond Fund Direct Plan - Growth,43.8978,2026-07-01
119624,INF903J01OW2,INF903J01OY8,Sundaram Corporate Bond Fund Direct Plan - Income Distribution cum Capital Withdrawal (IDCW),17.7706,2025-06-27
119622,INF903J01NS2,INF903J01NT0,Sundaram Corporate Bond Fund Direct Plan - Income Distribution cum Capital Withdrawal(IDCW),17.9673,2025-06-27
119631,INF903J01OX0,INF903J01OZ5,Sundaram Corporate Bond Fund Direct Plan -Income Distribution cum Capital Withdrawal (IDCW),18.5296,2025-06-27
119630,INF903J01NU8,INF903J01NV6,Sundaram Corporate Bond Fund Direct Plan-Income Distribution cum Capital Withdrawal(IDCW),19.5958,2026-07-01
100786,INF903J01HY2,INF903J01IC6,Sundaram Corporate Bond Fund Regular Plan - Income Distribution cum Capital Withdrawal (IDCW ),18.9351,2026-07-01
100785,INF903J01HX4,INF903J01IB8,Sundaram Corporate Bond Fund Regular Plan -Income Distribution cum Capital Withdrawal(IDCW),16.9548,2025-06-27
100789,INF903J01HW6,-,Sundaram Corporate Bond Fund Regular Plan- Growth,42.3445,2026-07-01
100788,INF903J01IA0,INF903J01IE2,Sundaram Corporate Bond Fund Regular Plan- Income Distribution cum Capital Withdrawal (IDCW),17.9561,2025-06-27
100787,INF903J01HZ9,INF903J01ID4,Sundaram Corporate Bond Fund Regular Plan-Income Distribution cum Capital Withdrawal (IDCW),17.6302,2025-06-27
149361,INF277KA1224,-,Tata Corporate Bond Fund-Direct Plan-Growth,13.3764,2026-07-01
149364,INF277KA1240,-,Tata Corporate Bond Fund-Direct Plan-IDCW Monthly Payout,13.3764,2026-07-01
149357,-,INF277KA1273,Tata Corporate Bond Fund-Direct Plan-IDCW Monthly Reinvestment,13.3764,2026-07-01
149355,INF277KA1232,-,Tata Corporate Bond Fund-Direct Plan-IDCW Periodic Payout,13.3764,2026-07-01
149356,-,INF277KA1265,Tata Corporate Bond Fund-Direct Plan-IDCW Periodic Reinvestment,13.3764,2026-07-01
149362,INF277KA1257,-,Tata Corporate Bond Fund-Direct Plan-IDCW Quarterly Payout,13.3764,2026-07-01
149358,-,INF277KA1281,Tata Corporate Bond Fund-Direct Plan-IDCW Quarterly Reinvestment,13.3764,2026-07-01
149351,INF277KA1299,-,Tata Corporate Bond Fund-Regular Plan-Growth,13.0352,2026-07-01
149353,INF277KA1315,-,Tata Corporate Bond Fund-Regular Plan-IDCW Monthly Payout,13.0352,2026-07-01
149363,-,INF277KA1349,Tata Corporate Bond Fund-Regular Plan-IDCW Monthly Reinvestment,13.0352,2026-07-01
149360,INF277KA1307,-,Tata Corporate Bond Fund-Regular Plan-IDCW Periodic Payout,13.0352,2026-07-01
149352,-,INF277KA1331,Tata Corporate Bond Fund-Regular Plan-IDCW Periodic Reinvestment,13.0352,2026-07-01
149354,INF277KA1323,-,Tata Corporate Bond Fund-Regular Plan-IDCW Quarterly Payout,13.0352,2026-07-01
149359,-,INF277KA1356,Tata Corporate Bond Fund-Regular Plan-IDCW Quarterly Reinvestment,13.0352,2026-07-01
151320,INF0GCD01560,-,TRUSTMF CORPORATE BOND FUND-DIRECT PLAN-GROWTH,1269.2636,2026-07-01
151321,INF0GCD01586,INF0GCD01578,TRUSTMF CORPORATE BOND FUND-DIRECT PLAN-MONTHLY IDCW,1186.1784,2026-07-01
151322,INF0GCD01537,-,TRUSTMF CORPORATE BOND FUND-REGULAR PLAN-GROWTH,1251.8243,2026-07-01
151319,INF0GCD01552,INF0GCD01545,TRUSTMF CORPORATE BOND FUND-REGULAR PLAN-MONTHLY IDCW,1166.8915,2026-07-01
143241,INF582M01DU5,-,Union Corporate Bond Fund - Direct Plan - Growth Option,16.4948,2026-07-01
143242,INF582M01DW1,INF582M01DV3,Union Corporate Bond Fund - Direct Plan - IDCW Option,16.4948,2026-07-01
143239,INF582M01DY7,-,Union Corporate Bond Fund - Regular Plan - Growth Option,16.0807,2026-07-01
143240,INF582M01EA5,INF582M01DZ4,Union Corporate Bond Fund - Regular Plan - IDCW Option,16.0807,2026-07-01
148085,INF789F1AOW2,-,UTI - Bond Fund ( Segregated - 17022020) - Regular Plan - Growth Option,6.8146,2022-01-27
148086,INF789F1APF4,-,UTI - Bond Fund (Segregated - 17022020) - Direct Plan - Growth Option,7.3484,2022-01-27
148076,INF789F1APK4,INF789F1APL2,UTI Bond Fund ( Segregated - 17022020) - Direct Plan - Annual IDCW,1.504,2022-01-27
148090,INF789F1APM0,INF789F1APN8,UTI Bond Fund ( Segregated - 17022020) - Direct Plan - Flexi IDCW,1.4941,2022-01-27
148091,INF789F1API8,INF789F1APJ6,UTI Bond Fund ( Segregated - 17022020) - Direct Plan - Half-Yearly IDCW,1.4429,2022-01-27
148092,INF789F1APG2,INF789F1APH0,UTI Bond Fund ( Segregated - 17022020) - Direct Plan - Quarterly IDCW,2.3467,2022-01-27
148075,INF789F1APB3,INF789F1APC1,UTI Bond Fund ( Segregated - 17022020) - Regular Plan - Annual IDCW,1.4416,2022-01-27
148088,INF789F1APD9,INF789F1APE7,UTI Bond Fund ( Segregated - 17022020) - Regular Plan - Flexi IDCW,1.4408,2022-01-27
148087,INF789F1AOZ5,INF789F1APA5,UTI Bond Fund ( Segregated - 17022020) - Regular Plan - Half-Yearly IDCW,1.4131,2022-01-27
148089,INF789F1AOX0,INF789F1AOY8,UTI Bond Fund ( Segregated - 17022020) - Regular Plan - Quarterly IDCW,1.8744,2022-01-27
144344,INF789F1A587,INF789F1A595,UTI Corporate Bond Fund - Direct Plan - Annual IDCW,13.8445,2026-07-01
144341,INF789F1A603,INF789F1A611,UTI Corporate Bond Fund - Direct Plan - Flexi IDCW,15.6798,2026-07-01
144339,INF789F1A538,-,UTI Corporate Bond Fund - Direct Plan - Growth Option,17.79,2026-07-01
144340,INF789F1A561,INF789F1A579,UTI Corporate Bond Fund - Direct Plan - Half-Yearly IDCW,15.2011,2026-07-01
144346,INF789F1A546,INF789F1A553,UTI Corporate Bond Fund - Direct Plan - Quarterly IDCW,15.5592,2026-07-01
144337,INF789F1A496,INF789F1A504,UTI Corporate Bond Fund - Regular Plan - Annual IDCW,13.4581,2026-07-01
144338,INF789F1A512,INF789F1A520,UTI Corporate Bond Fund - Regular Plan - Flexi IDCW,15.2839,2026-07-01
144345,INF789F1A447,-,UTI Corporate Bond Fund - Regular Plan - Growth Option,17.3572,2026-07-01
144343,INF789F1A470,INF789F1A488,UTI Corporate Bond Fund - Regular Plan - Half-Yearly IDCW,14.6655,2026-07-01
144342,INF789F1A454,INF789F1A462,UTI Corporate Bond Fund - Regular Plan - Quarterly IDCW,15.0931,2026-07-01
134385,INF209KA1K96,INF209KA1L04,Aditya Birla Sun Life Credit Risk Fund - Direct - IDCW,14.5406,2026-07-01
134388,INF209KA1L12,-,Aditya Birla Sun Life Credit Risk Fund - Direct Plan - Bonus,27.7958,2026-07-01
134387,INF209KA1K88,-,Aditya Birla Sun Life Credit Risk Fund - Direct Plan - Growth,27.797,2026-07-01
134386,INF209KA1K54,INF209KA1K62,Aditya Birla Sun Life Credit Risk Fund - Regular - IDCW,13.1452,2026-07-01
134384,INF209KA1K70,-,Aditya Birla Sun Life Credit Risk Fund - Regular Plan - Bonus,17.7004,2023-05-23
134383,INF209KA1K47,-,Aditya Birla Sun Life Credit Risk Fund - Regular Plan - Growth,25.1515,2026-07-01
130314,INF846K01PJ5,-,Axis Credit Risk Fund - Direct Plan - Growth,26.0832,2026-07-01
130312,INF846K01PM9,INF846K01PN7,Axis Credit Risk Fund - Direct Plan - Monthly IDCW,10.2454,2026-07-01
130311,INF846K01PK3,INF846K01PL1,Axis Credit Risk Fund - Direct Plan - Weekly IDCW,10.3491,2026-07-01
130309,INF846K01PO5,-,Axis Credit Risk Fund - Regular Plan - Growth,23.1457,2026-07-01
130313,INF846K01PR8,INF846K01PS6,Axis Credit Risk Fund - Regular Plan - Monthly IDCW,10.1999,2026-07-01
130310,INF846K01PP2,INF846K01PQ0,Axis Credit Risk Fund - Regular Plan - Weekly IDCW,10.1788,2026-07-01
140605,INF194KA1X04,INF194KA1X12,BANDHAN CREDIT RISK FUND - DIRECT PLAN HALF YEARLY IDCW,10.4517,2020-08-25
140608,INF194KA1W05,INF194KA1W13,BANDHAN Credit Risk Fund - Regular Plan Annual IDCW,10.4282,2026-07-01
140609,INF194KA1W39,-,BANDHAN Credit Risk Fund - Regular Plan Growth,17.2697,2026-07-01
140611,INF194KA1V71,INF194KA1V89,BANDHAN Credit Risk Fund - Regular Plan Half Yearly IDCW,10.3775,2026-07-01
140612,INF194KA1V14,INF194KA1V22,BANDHAN Credit Risk Fund - Regular Plan Periodic IDCW,13.4107,2026-07-01
140607,INF194KA1V48,INF194KA1V55,BANDHAN Credit Risk Fund - Regular Plan Quarterly IDCW,10.5839,2026-07-01
140610,INF194KA1X38,INF194KA1X46,BANDHAN Credit Risk Fund-Direct Plan-Annual IDCW,10.5255,2026-07-01
140603,INF194KA1X61,-,BANDHAN Credit Risk Fund-Direct Plan-Growth,18.9347,2026-07-01
140606,INF194KA1W47,INF194KA1W54,BANDHAN Credit Risk Fund-Direct Plan-Periodic IDCW,14.0634,2026-07-01
140604,INF194KA1W70,INF194KA1W88,BANDHAN Credit Risk Fund-Direct Plan-Quarterly IDCW,10.7874,2026-07-01
133868,INF761K01DG8,-,BANK OF INDIA Credit Risk  Fund - Direct Plan,14.6985,2026-07-01
133867,INF761K01DH6,-,BANK OF INDIA Credit Risk Fund - Regular Plan,14.2872,2026-07-01
152903,INF955L01IZ3,INF955L01JA4,Baroda BNP Paribas Credit Risk fund - Regular-Quarterly- IDCW option -Seg. Portfolio 2 (erstwhile BBNPP Medium Duration Fund Regular-Quarterly IDCW option Seg. Portfolio 1),0.0,2026-07-01
152905,-,INF955L01JE6,Baroda BNP Paribas Credit Risk fund - Regular-Weekly-IDCW option -Seg. Portfolio 2 (erstwhile BBNPP Medium Duration Fund Regular-Weekly IDCW option Seg. Portfolio 1),0.0,2026-07-01
152892,INF955L01JM9,-,Baroda BNP Paribas Credit risk fund -Defunct -Growth option -Seg-Portfolio 2 (erstwhile BBNPP Medium Duration Fund-Defunct Growth Option Seg.Portfolio1),0.0,2026-07-01
152899,INF955L01JP2,INF955L01JQ0,Baroda BNP Paribas Credit Risk fund -Defunct -Monthly IDCW option -Seg. Portfolio 2 (erstwhile BBNPP Medium Duration Fund Defunct-Monthly IDCW option Seg. Portfolio 1),0.0,2026-07-01
152894,-,INF955L01JO5,Baroda BNP Paribas Credit Risk fund -Defunct -Weekly IDCW option -Seg. Portfolio 2 (erstwhile BBNPP Medium Duration Fund Defunct-Weekly IDCW option Seg. Portfolio 1),0.0,2026-07-01
152898,INF955L01JF3,-,Baroda BNP Paribas Credit Risk fund -Direct - Growth option -Seg. Portfolio 2 (erstwhile BBNPP Medium Duration Fund Direct-Growth option Seg. Portfolio 1),0.0,2026-07-01
152897,-,INF955L01JJ5,Baroda BNP Paribas Credit Risk fund -Direct -Monthly IDCW option -Seg. Portfolio 2 (erstwhile BBNPP Medium Duration Fund Direct-Monthly IDCW option Seg. Portfolio 1),0.0,2026-07-01
152896,INF955L01JG1,INF955L01JH9,Baroda BNP Paribas Credit Risk fund -Direct -Quarterly IDCW option -Seg. Portfolio 2 (erstwhile BBNPP Medium Duration Fund Direct-Quarterly IDCW option Seg. Portfolio 1),0.0,2026-07-01
152895,-,INF955L01JL1,Baroda BNP Paribas Credit Risk fund -Direct -Weekly IDCW option -Seg. Portfolio 2 (erstwhile BBNPP Medium Duration Fund Direct-weekly IDCW option Seg. Portfolio 1),0.0,2026-07-01
133520,INF955L01FZ9,-,Baroda BNP Paribas Credit Risk Fund -Direct- Monthly IDCW,14.3149,2026-07-01
133524,INF955L01GA0,-,Baroda BNP Paribas Credit Risk Fund -Direct- Quarterly IDCW,12.6529,2026-07-01
152900,INF955L01JI7,INF955L01JK3,Baroda BNP Paribas Credit Risk fund -Direct-Daily IDCW option -Seg. Portfolio 2 (erstwhile BBNPP Medium Duration Fund Direct-daily-IDCW option Seg. Portfolio 1),0.0,2026-07-01
133488,INF955L01FR6,-,Baroda BNP Paribas Credit Risk Fund -Direct-Growth Option,26.2459,2026-07-01
152901,-,INF955L01JD8,Baroda BNP Paribas Credit Risk fund -Regular -Daily-IDCW option -Seg. Portfolio 2 (erstwhile BBNPP Medium Duration Fund Regular-Daily-IDCW option Seg. Portfolio 1),0.0,2026-07-01
152902,INF955L01JB2,INF955L01JC0,Baroda BNP Paribas Credit Risk fund -Regular -Monthly IDCW option -Seg. Portfolio 2 (erstwhile BBNPP Medium Duration Fund Regular-Monthly IDCW option Seg. Portfolio 1),0.0,2026-07-01
152904,INF955L01IY6,-,Baroda BNP Paribas Credit Risk fund -Regular-Growth -Seg. Portfolio 2 (erstwhile BBNPP Medium Duration Fund Regular Growth Seg. Portfolio 1),0.0,2026-07-01
133486,INF955L01FP0,-,Baroda BNP Paribas Credit Risk Fund -Regular-Growth Option,23.6624,2026-07-01
133517,INF955L01FU0,-,Baroda BNP Paribas Credit Risk Fund -Regular-Monthly IDCW,11.2111,2026-07-01
133518,INF955L01FV8,-,Baroda BNP Paribas Credit Risk Fund -Regular-Quarterly IDCW,11.5771,2026-07-01
148350,-,-,Baroda BNP Paribas Credit Risk Fund- Direct - Bonus Option- Segregated Portfolio- 1,0.0,2022-03-14
148333,INF955L01IT6,-,Baroda BNP Paribas Credit Risk Fund- Direct- Growth Option- Segregated Portfolio- 1,0.0,2026-07-01
148334,INF955L01IW0,INF955L01IX8,Baroda BNP Paribas Credit Risk Fund- Direct- Monthly IDCW Option- Segregated Portfolio- 1,0.0,2026-07-01
148349,-,-,Baroda BNP Paribas Credit Risk Fund- Regular- Bonus Option- Segregated Portfolio- 1,0.0,2022-03-14
148330,INF955L01IO7,-,Baroda BNP Paribas Credit Risk Fund- Regular- Growth Option- Segregated Portfolio- 1,0.0,2026-07-01
148331,INF955L01IR0,INF955L01IS8,Baroda BNP Paribas Credit Risk Fund- Regular- Monthly IDCW Option- Segregated Portfolio- 1,0.0,2026-07-01
148332,INF955L01IP4,INF955L01IQ2,Baroda BNP Paribas Credit Risk Fund- Regular- Quarterly IDCW Option- Segregated Portfolio- 1,0.0,2026-07-01
152893,-,INF955L01JN7,Baroda BNP Paribas Credit Risk Fund-Defunct -Daily IDCW option - seg Portfolio 2 (erstwhile BBNPP Medium Duration fund Defunct Daily IDCW daily option Seg Portfolio 1),0.0,2026-07-01
148335,INF955L01IU4,INF955L01IV2,Baroda BNP Paribas Credit Risk Fund-Direct- Quarterly IDCW Option- Segregated Portfolio- 1,0.0,2026-07-01
119084,INF740K01OV8,INF740K01OW6,DSP Credit Risk Fund - Direct Plan -  IDCW - Monthly,11.1938,2026-07-01
119082,INF740K01OS4,-,DSP Credit Risk Fund - Direct Plan - Growth,60.2611,2026-07-01
119083,INF740K01OT2,INF740K01OU0,DSP Credit Risk Fund - Direct Plan - IDCW,12.6318,2026-07-01
119087,-,INF740KA1NX2,DSP Credit Risk Fund - Direct Plan - IDCW - Daily,11.1243,2026-07-01
119085,INF740K01OX4,INF740K01OY2,DSP Credit Risk Fund - Direct Plan - IDCW - Quarterly,11.56,2026-07-01
119086,INF740KA1NY0,INF740KA1NZ7,DSP Credit Risk Fund - Direct Plan - IDCW - Weekly,11.1483,2026-07-01
101839,INF740K01581,INF740K01AB9,DSP Credit Risk Fund - Regular Plan - IDCW,12.5504,2026-07-01
101840,-,INF740KA1OA8,DSP Credit Risk Fund - Regular Plan - IDCW - Daily,11.1243,2026-07-01
117061,INF740K01JW6,INF740K01JV8,DSP Credit Risk Fund - Regular Plan - IDCW - Monthly,11.2565,2026-07-01
117062,INF740K01JY2,INF740K01JX4,DSP Credit Risk Fund - Regular Plan - IDCW - Quarterly,11.4915,2026-07-01
101838,INF740K01FR4,INF740K01FQ6,DSP Credit Risk Fund - Regular Plan - IDCW - Weekly,11.1467,2026-07-01
101837,INF740K01599,-,DSP Credit Risk Fund - Regular Plan -Growth,54.7696,2026-07-01
118553,INF090I01JL3,-,Franklin India Credit Risk Fund - Direct - Growth,25.565,2023-06-11
118552,INF090I01JJ7,INF090I01JK5,Franklin India Credit Risk Fund - Direct - IDCW,14.0105,2023-06-11
116153,INF090I01ET7,-,Franklin India Credit Risk Fund - Growth,25.3348,2023-06-11
116154,INF090I01ES9,INF090I01ER1,Franklin India Credit Risk Fund - IDCW,13.5858,2023-06-11
148304,INF090I01VZ8,-,Franklin India Credit Risk Fund - Segregated Portfolio 3 (9.50% Yes bank Ltd CO 23Dec21) - Direct Growth Plan,0.0,2026-07-01
148303,INF090I01VX3,-,Franklin India Credit Risk Fund - Segregated Portfolio 3 (9.50% Yes Bank Ltd CO 23Dec21) - Growth Plan,0.0,2026-07-01
147956,INF090I01TK4,-,Franklin India Credit Risk Fund- Segregated Portfolio 1- 8.25% Vodafone Idea Ltd-10JUL20-Direct-Dividend Plan,0.0,2020-07-20
147955,INF090I01TL2,-,Franklin India Credit Risk Fund- Segregated Portfolio 1- 8.25% Vodafone Idea Ltd-10JUL20-Direct-Growth Plan,0.0,2020-07-20
147957,INF090I01TI8,-,Franklin India Credit Risk Fund- Segregated Portfolio 1- 8.25% Vodafone Idea Ltd-10JUL20-Dividend Plan,0.0,2020-07-20
147954,INF090I01TJ6,-,Franklin India Credit Risk Fund- Segregated Portfolio 1- 8.25% Vodafone Idea Ltd-10JUL20-Growth Plan,0.0,2020-07-20
147959,INF090I01TM0,-,Franklin India Credit Risk Fund- Segregated Portfolio 2 - 10.90% Vodafone Idea Ltd (02-Sep-2023) - IDCW,0.0,2023-09-11
147958,INF090I01TP3,-,Franklin India Credit Risk Fund- Segregated Portfolio 2- 10.90% Vodafone Idea Ltd 02Sep2023-Direct Growth Plan,0.0,2023-09-11
147961,INF090I01TN8,-,Franklin India Credit Risk Fund- Segregated Portfolio 2- 10.90% Vodafone Idea Ltd 02Sep2023-Growth Plan,0.0,2023-09-11
148305,INF090I01VW5,-,Franklin India Credit Risk Fund- Segregated Portfolio 3 (9.50% Yes Bank Ltd CO 23Dec21) - IDCW,0.0,2026-07-01
147960,INF090I01TO6,-,Franklin India Credit Risk Fund-Segregated Portfolio 2 - 10.90% Vodafone Idea Ltd (02-Sep-2023) - Direct IDCW,0.0,2023-09-11
148306,INF090I01VY1,-,Franklin India Credit Risk Fund-Segregated Portfolio 3 (9.50% Yes Bank Ltd CO 23Dec21) - Direct IDCW,0.0,2026-07-01
128053,INF179KA1GC0,-,HDFC Credit Risk Debt Fund - Growth Option,25.7797,2026-07-01
128051,INF179KA1FZ3,-,HDFC Credit Risk Debt Fund - Growth Option - Direct Plan,28.0098,2026-07-01
133148,INF179KA1I87,INF179KA1I79,HDFC Credit Risk Debt Fund - IDCW Option,23.7388,2026-07-01
133147,INF179KA1I61,INF179KA1I53,HDFC Credit Risk Debt Fund - IDCW Option - Direct Plan,24.5535,2026-07-01
128050,INF179KA1GA4,INF179KA1GB2,HDFC Credit Risk Debt Fund - Quarterly IDCW - Direct Plan,10.8115,2026-07-01
128052,INF179KA1GD8,INF179KA1GE6,HDFC Credit Risk Debt Fund - Quarterly IDCW Option,10.4627,2026-07-01
151047,INF917K01UL0,INF917K01UK2,HSBC Credit Risk Fund - Direct Annual IDCW,13.5542,2026-07-01
151045,INF917K01UH8,-,HSBC Credit Risk Fund - Direct Growth,37.3709,2026-07-01
151044,INF917K01E29,INF917K01UI6,HSBC Credit Risk Fund - Direct IDCW,12.3284,2026-07-01
151046,INF917K01UN6,INF917K01UM8,HSBC Credit Risk Fund - Regular Annual IDCW,12.4147,2026-07-01
151043,INF917K01130,-,HSBC Credit Risk Fund - Regular Growth,34.2347,2026-07-01
151042,INF917K01114,INF917K01122,HSBC Credit Risk Fund - Regular IDCW,11.235,2026-07-01
151041,-,INF917K01CU9,HSBC Credit Risk Fund- Regular Plan - Bonus,33.6938,2026-07-01
134342,INF109KB1AF0,INF109KB1AG8,ICICI Prudential Credit Risk Fund - Annual IDCW,10.3035,2022-09-16
130943,INF109KA1I27,-,ICICI Prudential Credit Risk Fund - Bonus,15.7498,2020-04-24
134341,INF109KB1AD5,INF109KB1AE3,ICICI Prudential Credit Risk Fund - Direct Plan - Annual IDCW,10.4846,2022-09-16
120711,INF109K01V00,-,ICICI Prudential Credit Risk Fund - Direct Plan - Growth,38.1892,2026-07-01
120710,INF109K01V18,INF109K01V26,ICICI Prudential Credit Risk Fund - Direct Plan - Half Yearly IDCW,10.975,2022-09-16
120709,INF109K01V34,INF109K01V42,ICICI Prudential Credit Risk Fund - Direct Plan - Quarterly IDCW,11.9931,2026-07-01
130944,INF109KA1I19,-,ICICI Prudential Credit Risk Fund - Direct Plan Bonus,14.6853,2019-02-06
114239,INF109K01GU4,-,ICICI Prudential Credit Risk Fund - Growth,34.4345,2026-07-01
114241,INF109K01GX8,INF109K01GY6,ICICI Prudential Credit Risk Fund - Half Yearly IDCW,10.5892,2022-09-16
114240,INF109K01GV2,INF109K01GW0,ICICI Prudential Credit Risk Fund - Quarterly IDCW,11.2976,2026-07-01
130725,INF205K01J09,INF205K01J25,Invesco India Credit Risk Fund - Direct Plan - Discretionary IDCW (Payout / Reinvestment),2348.9707,2026-07-01
130722,INF205K01I83,-,Invesco India Credit Risk Fund - Direct Plan - Growth,2331.5667,2026-07-01
130724,INF205K01I91,INF205K01J17,Invesco India Credit Risk Fund - Direct Plan - Monthly IDCW (Payout / Reinvestment),1178.9218,2026-07-01
130726,INF205K01I59,INF205K01I75,Invesco India Credit Risk Fund - Regular Plan - Discretionary IDCW (Payout / Reinvestment),2069.9838,2026-07-01
130721,INF205K01I34,-,Invesco India Credit Risk Fund - Regular Plan - Growth,2070.6285,2026-07-01
130723,INF205K01I42,INF205K01I67,Invesco India Credit Risk Fund - Regular Plan - Monthly IDCW (Payout / Reinvestment),1191.6081,2026-07-01
119740,INF174K01MG5,-,Kotak Credit Risk Fund - Direct Plan - Standard Income Distribution cum capital withdrawal option,26.9308,2026-07-01
117716,INF174K01DY7,-,Kotak Credit Risk Fund - Growth,31.5837,2026-07-01
119741,INF174K01LZ7,-,Kotak Credit Risk Fund - Growth - Direct,35.8553,2026-07-01
117715,INF174K01EG2,INF174K01EF4,Kotak Credit Risk Fund - Regular Plan - Standard Income Distribution cum capital withdrawal option,13.7354,2026-07-01
112938,INF204K01FQ3,-,Nippon India Credit Risk Fund  - Growth Plan,37.7292,2026-07-01
112939,INF204K01FT7,-,Nippon India Credit Risk Fund  - Institutional Growth Plan,39.708,2026-07-01
148262,INF204KB17P0,INF204KB18P8,NIPPON INDIA CREDIT RISK FUND -  SEGREGATED PORTFOLIO 2 - DIRECT Plan - IDCW Option,0.0,2026-07-01
148264,INF204KB15P4,INF204KB16P2,NIPPON INDIA CREDIT RISK FUND -  SEGREGATED PORTFOLIO 2 - DIRECT Plan - QUARTERLY IDCW Option,0.0,2026-07-01
148263,INF204KB13Q7,INF204KB14Q5,NIPPON INDIA CREDIT RISK FUND -  SEGREGATED PORTFOLIO 2 - IDCW Option,0.0,2026-07-01
148260,INF204KB11Q1,INF204KB12Q9,NIPPON INDIA CREDIT RISK FUND -  SEGREGATED PORTFOLIO 2 - QUARTERLY IDCW Option,0.0,2026-07-01
118780,INF204K01A74,-,Nippon India Credit Risk Fund - Direct Plan - Growth Plan,41.8376,2026-07-01
132873,INF204KA1WV6,-,NIPPON INDIA CREDIT RISK FUND - DIRECT Plan - IDCW Option,22.6517,2026-07-01
118781,INF204K01A82,INF204K01A90,NIPPON INDIA CREDIT RISK FUND - DIRECT Plan - QUARTERLY IDCW Option,13.6697,2026-07-01
132871,INF204KA1WT0,INF204KA1WS2,NIPPON INDIA CREDIT RISK FUND - IDCW Option,20.6956,2026-07-01
112941,INF204K01FR1,INF204K01FS9,NIPPON INDIA CREDIT RISK FUND - QUARTERLY IDCW Option,13.0686,2026-07-01
148101,INF204KB12L0,-,Nippon India Credit Risk Fund - Segregated Portfolio 1 - Direct Plan - Growth Plan,0.5342,2022-01-27
148096,INF204KB15L3,INF204KB16L1,NIPPON INDIA CREDIT RISK FUND - SEGREGATED PORTFOLIO 1 - Direct Plan - IDCW Option,0.2893,2022-01-27
148098,INF204KB13L8,INF204KB14L6,NIPPON INDIA CREDIT RISK FUND - SEGREGATED PORTFOLIO 1 - Direct Plan - QUARTERLY IDCW Option,0.2477,2022-01-27
148094,INF204KB17L9,-,Nippon India Credit Risk Fund - Segregated Portfolio 1 - Growth Plan,0.5036,2022-01-27
148097,INF204KB11M0,INF204KB12M8,NIPPON INDIA CREDIT RISK FUND - SEGREGATED PORTFOLIO 1 - IDCW Option,0.2763,2022-01-27
148100,INF204KB18L7,-,Nippon India Credit Risk Fund - Segregated Portfolio 1 - Institutional Growth Plan,0.4333,2022-01-27
148095,INF204KB19L5,INF204KB10M2,NIPPON INDIA CREDIT RISK FUND - SEGREGATED PORTFOLIO 1 - QUARTERLY IDCW Option,0.2405,2022-01-27
148261,INF204KB14P7,-,Nippon India Credit Risk Fund - Segregated Portfolio 2 - Direct Plan - Growth Plan,0.0,2026-07-01
148258,INF204KB19P6,-,Nippon India Credit Risk Fund - Segregated Portfolio 2 - Growth Plan,0.0,2026-07-01
148259,INF204KB10Q3,-,Nippon India Credit Risk Fund - Segregated Portfolio 2 - Institutional Growth Plan,0.0,2026-07-01
119792,-,INF200K01SS0,SBI Credit Risk Fund - Direct Plan - Daily Income Distribution cum Capital Withdrawal Option (IDCW),16.93,2026-07-01
119793,INF200K01ST8,INF200K01SU6,SBI Credit Risk Fund - Direct Plan - Income Distribution cum Capital Withdrawal Option (IDCW),24.8288,2026-07-01
119798,INF200K01SV4,-,SBI CREDIT RISK FUND - DIRECT PLAN -GROWTH,53.3541,2026-07-01
118211,-,INF200K01QK1,SBI Credit Risk Fund - Regular Plan - Daily Income Distribution cum Capital Withdrawal Option (IDCW),16.2471,2026-07-01
102505,INF200K01685,-,SBI CREDIT RISK FUND - REGULAR PLAN - GROWTH,49.0886,2026-07-01
102506,INF200K01693,INF200K01701,SBI Credit Risk Fund - Regular Plan - Income Distribution cum Capital Withdrawal Option (IDCW),22.1922,2026-07-01
148239,INF789F1ARG8,INF789F1ARH6,UTI - Credit Risk Fund (Segregated - 06032020) - Direct Plan - Annual Dividend Option,0.0,2026-07-01
148241,INF789F1ARK0,INF789F1ARL8,UTI - Credit Risk Fund (Segregated - 06032020) - Direct Plan - Flexi Dividend Option,0.0,2026-07-01
148242,INF789F1ARF0,-,UTI - Credit Risk Fund (Segregated - 06032020) - Direct Plan - Growth Option,0.0,2026-07-01
148238,INF789F1ARI4,INF789F1ARJ2,UTI - Credit Risk Fund (Segregated - 06032020) - Direct Plan - Half Yearly Dividend Option,0.0,2026-07-01
148240,INF789F1ARM6,INF789F1ARN4,UTI - Credit Risk Fund (Segregated - 06032020) - Direct Plan - Monthly Dividend Option,0.0,2026-07-01
148245,INF789F1ARD5,INF789F1ARE3,UTI - Credit Risk Fund (Segregated - 06032020) - Direct Plan - Quarterly Dividend Option,0.0,2026-07-01
148234,INF789F1ARR5,INF789F1ARS3,UTI - Credit Risk Fund (Segregated - 06032020) - Regular Plan - Annual Dividend Option,0.0,2026-07-01
148236,INF789F1ARV7,INF789F1ARW5,UTI - Credit Risk Fund (Segregated - 06032020) - Regular Plan - Flexi Dividend Option,0.0,2026-07-01
148237,INF789F1ARQ7,-,UTI - Credit Risk Fund (Segregated - 06032020) - Regular Plan - Growth Option,0.0,2026-07-01
148235,INF789F1ART1,INF789F1ARU9,UTI - Credit Risk Fund (Segregated - 06032020) - Regular Plan - Half Yearly Dividend Option,0.0,2026-07-01
148244,INF789F1ARX3,INF789F1ARY1,UTI - Credit Risk Fund (Segregated - 06032020) - Regular Plan - Monthly Dividend Option,0.0,2026-07-01
148243,INF789F1ARO2,INF789F1ARP9,UTI - Credit Risk Fund (Segregated - 06032020) - Regular Plan - Quarterly Dividend Option,0.0,2026-07-01
148432,-,-,UTI - Credit Risk Fund (Segregated - 07072020) - Direct  Plan - Quarterly Dividend Option,0.0,2020-07-14
148427,-,-,UTI - Credit Risk Fund (Segregated - 07072020) - Direct Plan - Annual Dividend Option,0.0,2020-07-14
148429,-,-,UTI - Credit Risk Fund (Segregated - 07072020) - Direct Plan - Flexi  Dividend Option,0.0,2020-07-14
148430,-,-,UTI - Credit Risk Fund (Segregated - 07072020) - Direct Plan - Growth Option,0.0,2020-07-14
148431,-,-,UTI - Credit Risk Fund (Segregated - 07072020) - Direct Plan - Half Yearly Dividend Option,0.0,2020-07-14
148428,-,-,UTI - Credit Risk Fund (Segregated - 07072020) - Direct Plan - Monthly Dividend Option,0.0,2020-07-14
148420,-,-,UTI - Credit Risk Fund (Segregated - 07072020) - Regular Plan - Annual Dividend Option,0.0,2020-07-14
148426,-,-,UTI - Credit Risk Fund (Segregated - 07072020) - Regular Plan - Flexi  Dividend Option,0.0,2020-07-14
148425,-,-,UTI - Credit Risk Fund (Segregated - 07072020) - Regular Plan - Growth Option,0.0,2020-07-14
148424,-,-,UTI - Credit Risk Fund (Segregated - 07072020) - Regular Plan - Half Yearly Dividend Option,0.0,2020-07-14
148423,-,-,UTI - Credit Risk Fund (Segregated - 07072020) - Regular Plan - Monthly Dividend Option,0.0,2020-07-14
148422,-,-,UTI - Credit Risk Fund (Segregated - 07072020) - Regular Plan - Quarterly Dividend Option,0.0,2020-07-14
147659,INF789F1AML9,INF789F1AMM7,UTI - Credit Risk Fund (Segregated - 13092019) - Direct Plan - Annual Dividend Option,0.0,2022-03-10
147656,INF789F1AMP0,INF789F1AMQ8,UTI - Credit Risk Fund (Segregated - 13092019) - Direct Plan - Flexi Dividend Option,0.0,2022-03-10
147651,INF789F1AMK1,-,UTI - Credit Risk Fund (Segregated - 13092019) - Direct Plan - Growth Option,0.0,2022-03-10
147660,INF789F1AMN5,INF789F1AMO3,UTI - Credit Risk Fund (Segregated - 13092019) - Direct Plan - Half Yearly Dividend Option,0.0,2022-03-10
147653,INF789F1AMR6,INF789F1AMS4,UTI - Credit Risk Fund (Segregated - 13092019) - Direct Plan - Monthly Dividend Option,0.0,2022-03-10
147655,INF789F1AMI5,INF789F1AMJ3,UTI - Credit Risk Fund (Segregated - 13092019) - Direct Plan - Quarterly Dividend Option,0.0,2022-03-10
147657,INF789F1AMW6,INF789F1AMX4,UTI - Credit Risk Fund (Segregated - 13092019) - Regular Plan - Annual Dividend Option,0.0,2022-03-10
147654,INF789F1ANA0,INF789F1ANB8,UTI - Credit Risk Fund (Segregated - 13092019) - Regular Plan - Flexi Dividend Option,0.0,2022-03-10
147650,INF789F1AMV8,-,UTI - Credit Risk Fund (Segregated - 13092019) - Regular Plan - Growth Option,0.0,2022-03-10
147658,INF789F1AMY2,INF789F1AMZ9,UTI - Credit Risk Fund (Segregated - 13092019) - Regular Plan - Half Yearly Dividend Option,0.0,2022-03-10
147652,INF789F1ANC6,INF789F1AND4,UTI - Credit Risk Fund (Segregated - 13092019) - Regular Plan - Monthly Dividend Option,0.0,2022-03-10
147649,INF789F1AMT2,INF789F1AMU0,UTI - Credit Risk Fund (Segregated - 13092019) - Regular Plan - Quarterly Dividend Option,0.0,2022-03-10
148147,INF789F1ANG7,-,UTI - Credit Risk Fund (Segregated - 17022020) - Direct Plan - Growth Option,2.6874,2022-01-31
148146,INF789F1ANR4,-,UTI - Credit Risk Fund (Segregated - 17022020) - Regular Plan - Growth Option,2.4018,2022-01-31
148156,INF789F1ANH5,INF789F1ANI3,UTI Credit Risk Fund ( Segregated - 17022020 ) - Direct Plan - Annual IDCW,1.7437,2022-01-31
148151,INF789F1ANL7,INF789F1ANM5,UTI Credit Risk Fund ( Segregated - 17022020 ) - Direct Plan - Flexi IDCW,1.7035,2022-01-31
148145,INF789F1ANJ1,INF789F1ANK9,UTI Credit Risk Fund ( Segregated - 17022020 ) - Direct Plan - Half-Yearly IDCW,1.7067,2022-01-31
148154,INF789F1ANN3,INF789F1ANO1,UTI Credit Risk Fund ( Segregated - 17022020 ) - Direct Plan - Monthly IDCW,1.6036,2022-01-31
148150,INF789F1ANE2,INF789F1ANF9,UTI Credit Risk Fund ( Segregated - 17022020 ) - Direct Plan - Quarterly IDCW,1.8964,2022-01-31
148155,INF789F1ANS2,INF789F1ANT0,UTI Credit Risk Fund ( Segregated - 17022020 ) - Regular Plan - Annual IDCW,1.6027,2022-01-31
148149,INF789F1ANW4,INF789F1ANX2,UTI Credit Risk Fund ( Segregated - 17022020 ) - Regular Plan - Flexi IDCW,1.559,2022-01-31
148152,INF789F1ANU8,INF789F1ANV6,UTI Credit Risk Fund ( Segregated - 17022020 ) - Regular Plan - Half-Yearly IDCW,1.6108,2022-01-31
148153,INF789F1ANY0,INF789F1ANZ7,UTI Credit Risk Fund ( Segregated - 17022020 ) - Regular Plan - Monthly IDCW,1.4422,2022-01-31
148148,INF789F1ANP8,INF789F1ANQ6,UTI Credit Risk Fund ( Segregated - 17022020 ) - Regular Plan - Quarterly IDCW,1.706,2022-01-31
117981,INF789F01QZ1,-,UTI Credit Risk Fund  - Regular Plan - Growth Option,18.149,2026-07-01
135290,INF789FB1U28,INF789FB1U36,UTI Credit Risk Fund - Direct Plan - Annual IDCW,13.1004,2026-07-01
136302,INF789FB1U44,INF789FB1U51,UTI Credit Risk Fund - Direct Plan - Flexi IDCW,13.1049,2026-07-01
120764,INF789F01YB6,-,UTI Credit Risk Fund - Direct Plan - Growth Option,20.6488,2026-07-01
135418,INF789FA1W02,INF789FA1W10,UTI Credit Risk Fund - Direct Plan - Half-Yearly IDCW,13.1521,2026-07-01
131419,INF789FB1U02,INF789FB1U10,UTI Credit Risk Fund - Direct Plan - Monthly IDCW,11.363,2026-07-01
120765,INF789F01YC4,INF789F01YD2,UTI Credit Risk Fund - Direct Plan - Quarterly IDCW,14.5709,2026-07-01
133344,INF789FA1V60,INF789FA1V78,UTI Credit Risk Fund - Regular Plan - Annual IDCW,12.1105,2026-07-01
135051,INF789FA1V86,INF789FA1V94,UTI Credit Risk Fund - Regular Plan - Flexi IDCW,11.7816,2026-07-01
135419,INF789FA1V45,INF789FA1V52,UTI Credit Risk Fund - Regular Plan - Half-Yearly IDCW,12.1748,2026-07-01
131418,INF789FB1T88,INF789FB1T96,UTI Credit Risk Fund - Regular Plan - Monthly IDCW,10.8988,2026-07-01
117982,INF789F01RA2,INF789F01RB0,UTI Credit Risk Fund - Regular Plan - Quarterly IDCW,12.8916,2026-07-01
122612,INF579M01183,-,360 ONE Dynamic Bond Fund - Regular Plan - Growth Option,24.0732,2026-07-01
122715,INF579M01266,-,360 ONE Dynamic Bond Fund Direct Plan Growth,25.461,2026-07-01
122721,INF579M01282,INF579M01316,360 ONE Dynamic Bond Fund Direct Plan Monthly Dividend,14.2269,2026-07-01
122717,INF579M01290,INF579M01324,360 ONE Dynamic Bond Fund Direct Plan Quarterly Dividend,23.4911,2026-07-01
122711,INF579M01191,-,360 ONE Dynamic Bond Fund Regular Plan Bonus,24.0732,2026-07-01
122720,INF579M01225,INF579M01258,360 ONE Dynamic Bond Fund Regular Plan Half Yearly Dividend,23.2306,2026-07-01
122719,INF579M01209,INF579M01233,360 ONE Dynamic Bond Fund Regular Plan Monthly Dividend,13.1133,2026-07-01
122712,INF579M01217,INF579M01241,360 ONE Dynamic Bond Fund Regular Plan Quarterly Dividend,23.2308,2026-07-01
119505,INF209K01N82,-,Aditya Birla Sun Life Dynamic Bond Fund - Growth - Direct Plan,52.826,2026-07-01
102767,INF209K01793,-,Aditya Birla Sun Life Dynamic Bond Fund - Growth - Regular Plan,48.9574,2026-07-01
132918,INF209KA1TX3,-,Aditya Birla Sun Life Dynamic Bond Fund -Direct - IDCW,13.258,2026-07-01
119503,INF209K01R62,-,Aditya Birla Sun Life Dynamic Bond Fund -DIRECT - MONTHLY IDCW,11.2467,2026-07-01
119502,INF209K01R88,-,Aditya Birla Sun Life Dynamic Bond Fund -Direct - Quarterly IDCW,11.094,2026-07-01
132917,INF209KA1TV7,-,Aditya Birla Sun Life Dynamic Bond Fund -Regular - IDCW,12.1763,2026-07-01
111521,INF209K01801,INF209K01DG8,Aditya Birla Sun Life Dynamic Bond Fund -REGULAR - MONTHLY IDCW,10.7411,2026-07-01
102766,INF209K01819,INF209K01DH6,Aditya Birla Sun Life Dynamic Bond Fund -Regular - Quarterly IDCW,10.7769,2026-07-01
120451,INF846K01DI3,-,Axis Dynamic Bond Fund - Direct Plan - Growth Option,34.6692,2026-07-01
120450,INF846K01DJ1,INF846K01DK9,Axis Dynamic Bond Fund - Direct Plan - Half Yearly IDCW,13.1605,2026-07-01
120452,INF846K01DL7,INF846K01DM5,Axis Dynamic Bond Fund - Direct Plan - Quarterly IDCW,11.5159,2026-07-01
115068,INF846K01917,-,Axis Dynamic Bond Fund - Regular Plan - Growth Option,31.4733,2026-07-01
115131,INF846K01941,INF846K01958,Axis Dynamic Bond Fund - Regular Plan - Half Yearly IDCW,11.9666,2026-07-01
115069,INF846K01925,INF846K01933,Axis Dynamic Bond Fund - Regular Plan - Quarterly IDCW,11.5347,2026-07-01
108561,INF194K01QI0,INF194K01QH2,BANDHAN Dynamic Bond Fund - Regular Plan B - Quarterly IDCW,11.7033,2026-07-01
108675,INF194K01QL4,INF194K01QK6,BANDHAN Dynamic Bond Fund - Regular Plan B - Annual IDCW,11.6647,2026-07-01
111524,INF194K01QG4,-,BANDHAN Dynamic Bond Fund - Regular Plan B - Growth,36.0569,2026-07-01
122868,INF194K018R9,INF194K019R7,BANDHAN Dynamic Bond Fund - Regular Plan B - Half Yearly IDCW,11.2768,2026-07-01
111523,INF194K01QO8,INF194K01QN0,BANDHAN Dynamic Bond Fund - Regular Plan B - IDCW,13.7868,2026-07-01
131397,INF194KA1TM3,INF194KA1TN1,BANDHAN Dynamic Bond Fund - Regular Plan B - Periodic IDCW,14.3281,2026-07-01
118415,INF194K01O13,INF194K01O05,BANDHAN Dynamic Bond Fund-Direct Plan-Annual IDCW,12.2026,2026-07-01
118416,INF194K01N63,-,BANDHAN Dynamic Bond Fund-Direct Plan-Growth,40.4221,2026-07-01
122618,INF194K011P8,INF194K012P6,BANDHAN Dynamic Bond Fund-Direct Plan-Half Yearly IDCW,11.5148,2026-07-01
118417,INF194K01O47,INF194K01O39,BANDHAN Dynamic Bond Fund-Direct Plan-IDCW,17.3542,2026-07-01
131396,INF194KA1TP6,INF194KA1TQ4,BANDHAN Dynamic Bond Fund-Direct Plan-Periodic IDCW,14.1733,2026-07-01
118418,INF194K01N89,INF194K01N71,BANDHAN Dynamic Bond Fund-Direct Plan-Quarterly IDCW,13.7179,2026-07-01
150179,-,INF251K01GX8,Baroda BNP Paribas Dynamic Bond Fund - Direct Plan - Daily IDCW Option,10.1117,2026-07-01
150180,INF251K01GW0,-,Baroda BNP Paribas Dynamic Bond Fund - Direct Plan - Growth Option,52.3582,2026-07-01
150181,INF251K01HD8,INF251K01HE6,Baroda BNP Paribas Dynamic Bond Fund - Direct Plan - Half Yearly IDCW Option,10.0,2024-06-28
150182,INF251K01GZ3,INF251K01HA4,Baroda BNP Paribas Dynamic Bond Fund - Direct Plan - Monthly IDCW Option,10.4505,2026-07-01
150183,INF251K01HB2,INF251K01HC0,Baroda BNP Paribas Dynamic Bond Fund - Direct Plan - Quarterly IDCW Option,10.3622,2026-07-01
150184,-,INF251K01GY6,Baroda BNP Paribas Dynamic Bond Fund - Direct Plan - Weekly IDCW Option,10.0777,2026-07-01
150174,-,INF251K01DX5,Baroda BNP Paribas Dynamic Bond Fund - Regular Plan - Daily IDCW Option,10.1114,2026-07-01
150173,INF251K01DW7,-,Baroda BNP Paribas Dynamic Bond Fund - Regular Plan - Growth Option,46.5637,2026-07-01
150178,INF251K01ED5,INF251K01EE3,Baroda BNP Paribas Dynamic Bond Fund - Regular Plan - Half Yearly IDCW Option,10.2181,2026-07-01
150176,INF251K01DZ0,INF251K01EA1,Baroda BNP Paribas Dynamic Bond Fund - Regular Plan - Monthly IDCW Option,10.1883,2026-07-01
150177,INF251K01EB9,INF251K01EC7,Baroda BNP Paribas Dynamic Bond Fund - Regular Plan - Quarterly IDCW Option,10.1828,2026-07-01
150175,-,INF251K01DY3,Baroda BNP Paribas Dynamic Bond Fund - Regular Plan - Weekly IDCW Option,10.0775,2026-07-01
150172,INF251K01EF0,-,Baroda BNP Paribas Dynamic Bond Fund-Defunct Plan - Growth Option,32.7909,2026-07-01
118284,INF760K01EC7,-,CANARA ROBECO DYNAMIC BOND FUND - DIRECT PLAN - GROWTH OPTION,33.1345,2026-07-01
118283,INF760K01EA1,INF760K01EB9,CANARA ROBECO DYNAMIC BOND FUND - DIRECT PLAN - IDCW (Payout/Reinvestment),14.9546,2026-07-01
111962,INF760K01449,-,CANARA ROBECO DYNAMIC BOND FUND - REGULAR PLAN - GROWTH OPTION,29.723,2026-07-01
111963,INF760K01423,INF760K01431,CANARA ROBECO DYNAMIC BOND FUND - REGULAR PLAN - IDCW (Payout/Reinvestment),13.2621,2026-07-01
119239,INF740K01QG4,-,DSP Strategic Bond Fund - Direct Plan - Growth,3714.9512,2026-07-01
119238,INF740K01QI0,INF740K01QK6,DSP Strategic Bond Fund - Direct Plan - IDCW,2531.0886,2026-07-01
119240,-,INF740KA1OX0,DSP Strategic Bond Fund - Direct Plan - IDCW - Daily,1049.5175,2023-04-28
119236,INF740K01QH2,INF740K01QJ8,DSP Strategic Bond Fund - Direct Plan - IDCW - Monthly,1083.7311,2026-07-01
119237,INF740KA1OY8,INF740KA1OZ5,DSP Strategic Bond Fund - Direct Plan - IDCW - Weekly,990.0,2023-05-04
105669,INF740K01GK7,-,DSP Strategic Bond Fund - Regular Plan - Growth,3462.7439,2026-07-01
105668,INF740K01GO9,INF740K01GN1,DSP Strategic Bond Fund - Regular Plan - IDCW,1277.8761,2026-07-01
111786,-,INF740KA1PA5,DSP Strategic Bond Fund - Regular Plan - IDCW - Daily,1068.1527,2026-07-01
105667,INF740K01GM3,INF740K01GL5,DSP Strategic Bond Fund - Regular Plan - IDCW - Monthly,1073.9349,2026-07-01
105878,INF740K01GQ4,INF740K01GP6,DSP Strategic Bond Fund - Regular Plan - IDCW - Weekly,1059.91,2026-07-01
118495,INF090I01HB8,-,Franklin India Dynamic Accrual Fund - Direct - Growth,84.0329,2022-08-07
118496,INF090I01GZ9,INF090I01HA0,Franklin India Dynamic Accrual Fund - Direct - IDCW,14.1635,2022-08-07
100498,INF090I01BN6,INF090I01BO4,Franklin India Dynamic Accrual Fund - IDCW,15.6675,2022-08-07
148308,INF090I01WD3,-,Franklin India Dynamic Accrual Fund - Segregated Portfolio 3 (9.50% Yes Bank Ltd CO 23Dec21) - Direct Growth Plan,0.0,2026-07-01
148307,INF090I01WB7,-,Franklin India Dynamic Accrual Fund - Segregated Portfolio 3 (9.50% Yes Bank Ltd CO 23Dec21) - Growth Plan,0.0,2026-07-01
147982,INF090I01TS7,-,Franklin India Dynamic Accrual Fund- Segregated Portfolio 1- 8.25% Vodafone Idea Ltd-10JUL20-Direct-Dividend Plan,0.0,2020-07-20
147984,INF090I01TT5,-,Franklin India Dynamic Accrual Fund- Segregated Portfolio 1- 8.25% Vodafone Idea Ltd-10JUL20-Direct-Growth Plan,0.0,2020-07-20
147983,INF090I01TQ1,-,Franklin India Dynamic Accrual Fund- Segregated Portfolio 1- 8.25% Vodafone Idea Ltd-10JUL20-Dividend Plan,0.0,2020-07-20
147981,INF090I01TR9,-,Franklin India Dynamic Accrual Fund- Segregated Portfolio 1- 8.25% Vodafone Idea Ltd-10JUL20-Growth Plan,0.0,2020-07-20
147985,INF090I01TU3,-,Franklin India Dynamic Accrual Fund- Segregated Portfolio 2 - 10.90% Vodafone Idea Ltd (02-Sep-2023) - IDCW,0.0,2023-09-11
147988,INF090I01TX7,-,Franklin India Dynamic Accrual Fund- Segregated Portfolio 2- 10.90% Vodafone Idea Ltd 02Sep2023-Direct-Growth Plan,0.0,2023-09-11
147987,INF090I01TV1,-,Franklin India Dynamic Accrual Fund- Segregated Portfolio 2- 10.90% Vodafone Idea Ltd 02Sep2023-Growth Plan,0.0,2023-09-11
148309,INF090I01WA9,-,Franklin India Dynamic Accrual Fund- Segregated Portfolio 3 (9.50% Yes Bank Ltd CO 23Dec21) - IDCW,0.0,2026-07-01
100499,INF090I01BP1,-,Franklin India Dynamic Accrual Fund-Growth,94.788,2022-08-07
147986,INF090I01TW9,-,Franklin India Dynamic Accrual Fund-Segregated Portfolio 2 - 10.90% Vodafone Idea Ltd (02-Sep-2023) - Direct IDCW,0.0,2023-09-11
148310,INF090I01WC5,-,Franklin India Dynamic Accrual Fund-Segregated Portfolio 3 (9.50% Yes Bank Ltd CO 23Dec21) - Direct IDCW,0.0,2026-07-01
145589,INF666M01EK5,-,Groww Dynamic Term Fund (formerly known as Indiabulls Dynamic Bond Fund) - Direct Plan - Growth option,1572.5679,2026-07-01
145590,INF666M01ES8,-,Groww Dynamic Term Fund (formerly known as Indiabulls Dynamic Bond Fund) - Regular Plan - Growth option,1493.9368,2026-07-01
145596,-,INF666M01EL3,Groww Dynamic Term Fund (formerly known as Indiabulls Dynamic Bond Fund)- Direct Plan- - Income Distribution cum capital withdrawal Option ( Reinvestment),1019.7277,2026-07-01
145595,INF666M01EO7,INF666M01EP4,Groww Dynamic Term Fund (formerly known as Indiabulls Dynamic Bond Fund)- Direct Plan- Fortnightly - Income Distribution cum capital withdrawal Option (Payout & Reinvestment),1022.7699,2026-07-01
145591,INF666M01EQ2,INF666M01ER0,Groww Dynamic Term Fund (formerly known as Indiabulls Dynamic Bond Fund)- Direct Plan- Monthly - Income Distribution cum capital withdrawal Option (Payout & Reinvestment),1013.7738,2026-07-01
145597,INF666M01EM1,INF666M01EN9,Groww Dynamic Term Fund (formerly known as Indiabulls Dynamic Bond Fund)- Direct Plan- Weekly - Income Distribution cum capital withdrawal Option (Payout & Reinvestment),1019.6459,2026-07-01
145593,-,INF666M01ET6,Groww Dynamic Term Fund (formerly known as Indiabulls Dynamic Bond Fund)- Regular Plan- - Income Distribution cum capital withdrawal Option ( Reinvestment),1022.3344,2026-07-01
145598,INF666M01EW0,INF666M01EX8,Groww Dynamic Term Fund (formerly known as Indiabulls Dynamic Bond Fund)- Regular Plan- Fortnightly - Income Distribution cum capital withdrawal Option (Payout & Reinvestment),1019.9605,2026-07-01
145592,INF666M01EY6,INF666M01EZ3,Groww Dynamic Term Fund (formerly known as Indiabulls Dynamic Bond Fund)- Regular Plan- Monthly - Income Distribution cum capital withdrawal Option (Payout & Reinvestment),1014.2443,2026-07-01
145594,INF666M01EU4,INF666M01EV2,Groww Dynamic Term Fund (formerly known as Indiabulls Dynamic Bond Fund)- Regular Plan- Weekly - Income Distribution cum capital withdrawal Option (Payout & Reinvestment),1019.5308,2026-07-01
101872,INF179K01848,-,HDFC Dynamic Debt Fund - Growth Option,93.0961,2026-07-01
119075,INF179K01WB4,-,HDFC Dynamic Debt Fund - Growth Option - Direct Plan,103.4606,2026-07-01
119072,INF179K01WC2,INF179K01WD0,HDFC Dynamic Debt Fund - Half Yearly IDCW - Direct Plan,14.0408,2026-07-01
101874,INF179K01855,INF179K01863,HDFC Dynamic Debt Fund - Half Yearly IDCW Option,11.934,2026-07-01
133369,INF179KA1Q95,-,HDFC Dynamic Debt Fund - Normal IDCW - Direct Plan,21.7843,2026-07-01
133370,INF179KA1R11,-,HDFC Dynamic Debt Fund - Normal IDCW Option,19.9447,2026-07-01
119073,INF179K01WE8,INF179K01WF5,HDFC Dynamic Debt Fund - Quarterly IDCW - Direct Plan,14.255,2026-07-01
101873,INF179K01871,INF179K01889,HDFC Dynamic Debt Fund - Quarterly IDCW Option,12.7369,2026-07-01
119074,INF179K01WG3,INF179K01WH1,HDFC Dynamic Debt Fund - Yearly IDCW - Direct Plan,15.4261,2026-07-01
101875,INF179K01921,INF179K01939,HDFC Dynamic Debt Fund - Yearly IDCW Option,13.7791,2026-07-01
151088,INF917K01VN4,INF917K01VM6,HSBC Dynamic Bond Fund - Direct Annual IDCW,10.8349,2026-07-01
151087,INF917K01HA0,-,HSBC Dynamic Bond Fund - Direct Growth,33.4716,2026-07-01
151086,INF917K01GZ9,INF917K01GY2,HSBC Dynamic Bond Fund - Direct Monthly IDCW,12.749,2026-07-01
151089,INF917K01VP9,INF917K01VO2,HSBC Dynamic Bond Fund - Regular Annual IDCW,10.2833,2026-07-01
151084,INF677K01916,-,HSBC Dynamic Bond Fund - Regular Growth,30.7635,2026-07-01
151085,INF677K01924,INF677K01932,HSBC Dynamic Bond Fund - Regular Monthly IDCW,10.7047,2026-07-01
113218,INF109K01GO7,INF109K01GP4,ICICI Prudential All Seasons Bond Fund - Annual IDCW,11.5099,2026-07-01
130937,INF109KA1H36,-,ICICI Prudential All Seasons Bond Fund - Bonus,17.0248,2020-04-24
120601,INF109K012E4,INF109K013E2,ICICI Prudential All Seasons Bond Fund - Direct Plan - Annual IDCW,11.5385,2026-07-01
120603,INF109K016E5,-,ICICI Prudential All Seasons Bond Fund - Direct Plan - Growth,42.5091,2026-07-01
120600,INF109K014E0,INF109K015E7,ICICI Prudential All Seasons Bond Fund - Direct Plan - IDCW,27.5854,2026-07-01
120602,INF109K017E3,INF109K018E1,ICICI Prudential All Seasons Bond Fund - Direct Plan - Quarterly IDCW,12.3708,2026-07-01
120604,INF109K019E9,INF109K010F5,ICICI Prudential All Seasons Bond Fund - Direct Plan - Weekly IDCW,10.5744,2026-07-01
130938,INF109KA1H28,-,ICICI Prudential All Seasons Bond Fund - Direct Plan Bonus,17.8505,2020-04-24
112096,INF109K01GN9,-,ICICI Prudential All Seasons Bond Fund - Growth,39.088,2026-07-01
112097,INF109K01GK5,INF109K01GL3,ICICI Prudential All Seasons Bond Fund - IDCW,24.307,2026-07-01
112094,INF109K01GM1,-,ICICI Prudential All Seasons Bond Fund - Premium Growth Option,25.7538,2020-04-24
113403,INF109K01GE8,INF109K01GF5,ICICI Prudential All Seasons Bond Fund - Quarterly IDCW,12.0384,2026-07-01
101351,INF109K01FD2,INF109K01704,ICICI Prudential All Seasons Bond Fund - Weekly IDCW,10.9892,2026-07-01
113220,INF109K01GI9,INF109K01GJ7,ICICI Prudential All Seasons Bond Fund Retail - Annual Dividend,10.8538,2013-08-21
101350,INF109K01712,-,ICICI Prudential All Seasons Bond Fund Retail - Cumulative,49.3216,2020-04-24
113417,INF109K01GG3,INF109K01GH1,ICICI Prudential All Seasons Bond Fund Retail - Quarterly Dividend,11.6831,2020-04-24
149030,INF00XX01BK7,INF00XX01BG5,ITI Dynamic Bond Fund - Direct Plan - Annually IDCW Option,13.5221,2026-07-01
149029,INF00XX01BC4,-,ITI Dynamic Bond Fund - Direct Plan - Growth Option,13.5264,2026-07-01
149028,INF00XX01BJ9,INF00XX01BF7,ITI Dynamic Bond Fund - Direct Plan - Half Yearly IDCW Option,11.2446,2026-07-01
149023,INF00XX01BH3,INF00XX01BD2,ITI Dynamic Bond Fund - Direct Plan - Monthly IDCWOption,10.1785,2026-07-01
149025,INF00XX01BI1,INF00XX01BE0,ITI Dynamic Bond Fund - Direct Plan - Quarterly IDCW Option,13.5552,2026-07-01
149027,INF00XX01BB6,INF00XX01AX2,ITI Dynamic Bond Fund - Regular Plan - Annually IDCWOption,12.8379,2026-07-01
149021,INF00XX01AT0,-,ITI Dynamic Bond Fund - Regular Plan - Growth Option,12.8368,2026-07-01
149026,INF00XX01BA8,INF00XX01AW4,ITI Dynamic Bond Fund - Regular Plan - Half Yearly IDCW Option,12.8406,2026-07-01
149022,INF00XX01AY0,INF00XX01AU8,ITI Dynamic Bond Fund - Regular Plan - Monthly IDCW Option,10.0539,2026-07-01
149024,INF00XX01AZ7,INF00XX01AV6,ITI Dynamic Bond Fund - Regular Plan - Quarterly IDCW Option,12.8403,2026-07-01
120432,-,INF192K01CZ8,JM Dynamic Bond Fund (Direct) - Daily IDCW,10.1095,2026-07-01
120434,INF192K01DB7,INF192K01DC5,JM Dynamic Bond Fund (Direct) - IDCW,46.5626,2026-07-01
133414,INF192K01IL5,INF192K01IM3,JM Dynamic Bond Fund (Direct) - Monthly IDCW,46.9195,2026-07-01
120433,-,INF192K01DA9,JM Dynamic Bond Fund (Direct) - Weekly IDCW,10.5572,2026-07-01
122323,INF192K01EX9,-,JM Dynamic Bond Fund (Regular) - Bonus Option - Principal Units,40.0725,2025-01-27
105639,-,INF192K01668,JM Dynamic Bond Fund (Regular) - Daily IDCW,10.055,2026-07-01
101806,INF192K01700,-,JM Dynamic Bond Fund (Regular) - Growth Option,43.1834,2026-07-01
133389,INF192K01IN1,-,JM Dynamic Bond Fund (Regular) - Half Yearly Bonus Option - Principal Units,40.4031,2025-01-27
101805,INF192K01684,INF192K01692,JM Dynamic Bond Fund (Regular) - IDCW,43.3189,2026-07-01
133390,INF192K01IJ9,INF192K01IK7,JM Dynamic Bond Fund (Regular) - Monthly IDCW,43.5245,2026-07-01
105637,-,INF192K01676,JM Dynamic Bond Fund (Regular) - Weekly IDCW,10.5486,2026-07-01
101807,INF192K01734,INF192K01742,JM Dynamic Bond Fund (Regular)- Premium Plan IDCW,10.2458,2021-03-16
122315,INF192K01EZ4,-,JM Dynamic Bond Fund - (Direct) - Bonus Option-Principal Units,42.4963,2025-01-27
120435,INF192K01DD3,-,JM Dynamic Bond Fund - (Direct) - Growth Option,46.3136,2026-07-01
133388,INF192K01IP6,-,JM Dynamic Bond Fund - (Direct) - Half Yearly Bonus Option - Principal Units,42.9228,2025-01-27
105638,-,INF192K01718,JM Dynamic Bond Fund - Premium Plan - Daily Dividend Option,10.047,2020-05-06
101808,INF192K01759,-,JM Dynamic Bond Fund - Premium Plan - Growth Option,29.152,2020-01-14
119753,INF174K01JX6,-,Kotak Dynamic Bond Fund - Direct Plan - Standard Income Distribution cum capital withdrawal option,15.189,2026-07-01
119755,INF174K01JU2,-,Kotak Dynamic Bond Fund - Growth - Direct,43.2791,2026-07-01
117998,INF174K01IY6,INF174K01IZ3,Kotak Dynamic Bond Fund Regular Plan - Standard Income Distribution cum capital withdrawal option,14.8363,2026-07-01
108511,INF174K01FA2,-,Kotak Dynamic Bond Fund Regular Plan Growth,39.3803,2026-07-01
144403,INF174V01580,-,Mahindra Manulife Dynamic Bond Fund - Direct Plan - Growth,16.3627,2026-07-01
144406,INF174V01606,INF174V01598,Mahindra Manulife Dynamic Bond Fund - Direct Plan - IDCW,12.885,2026-07-01
144404,INF174V01622,INF174V01614,Mahindra Manulife Dynamic Bond Fund - Direct Plan - Quarterly IDCW,11.5483,2026-07-01
144401,INF174V01531,-,Mahindra Manulife Dynamic Bond Fund - Regular Plan - Growth,14.9762,2026-07-01
144405,INF174V01556,INF174V01549,Mahindra Manulife Dynamic Bond Fund - Regular Plan - IDCW,11.607,2026-07-01
144402,INF174V01572,INF174V01564,Mahindra Manulife Dynamic Bond Fund - Regular Plan - Quarterly IDCW,10.3601,2026-07-01
140769,INF769K01DR8,-,Mirae Asset Dynamic Bond Fund -Direct Plan -Growth,18.7849,2026-07-01
140770,INF769K01DS6,INF769K01DT4,Mirae Asset Dynamic Bond Fund Direct IDCW,18.762,2026-07-01
140772,INF769K01DP2,INF769K01DQ0,Mirae Asset Dynamic Bond Fund Regular IDCW,17.037,2026-07-01
140771,INF769K01DO5,-,Mirae Asset Dynamic Bond Fund-Regular Plan Growth,17.0367,2026-07-01
118750,INF204K01A33,INF204K01A41,NIPPON INDIA DYNAMIC BOND FUND - Direct Plan - IDCW Option,30.5244,2026-07-01
118749,INF204K01A58,INF204K01A66,NIPPON INDIA DYNAMIC BOND FUND - Direct Plan - QUARTERLY IDCW Option,10.4255,2026-07-01
118747,INF204K01A25,-,Nippon India Dynamic Bond Fund - Direct Plan Growth Plan - Growth Option,42.2497,2026-07-01
102851,INF204K01FJ8,INF204K01FK6,NIPPON INDIA DYNAMIC BOND FUND - IDCW Option,26.3843,2026-07-01
117974,INF204K01XB8,INF204K01XC6,NIPPON INDIA DYNAMIC BOND FUND - QUARTERLY IDCW Option,10.325,2026-07-01
102849,INF204K01FI0,-,Nippon India Dynamic Bond Fund-Growth Plan-Growth Option,39.2261,2026-07-01
120084,INF663L01AD7,-,PGIM India Dynamic Bond Fund - Direct Plan-Growth Option,3114.092,2026-07-01
120085,INF663L01AF2,INF663L01AE5,PGIM India Dynamic Bond Fund - Direct Plan-Monthly Dividend Option,1564.4811,2021-03-05
120086,INF663L01AI6,INF663L01AH8,PGIM India Dynamic Bond Fund - Direct Plan-Quarterly Dividend Option,1164.5662,2026-07-01
116483,INF663L01492,INF663L01500,PGIM India Dynamic Bond Fund - Dividend Option - Monthly,1075.7507,2021-03-05
116484,INF663L01526,INF663L01534,PGIM India Dynamic Bond Fund - Dividend Option - Quarterly,1045.6463,2026-07-01
116485,INF663L01484,-,PGIM India Dynamic Bond Fund - Growth Option,2708.6512,2026-07-01
122260,INF663L01BF0,-,PGIM India Dynamic Bond Fund-Bonus Option,1631.8015,2017-06-21
134494,INF082J01176,-,Quantum Dynamic Term Fund - Direct Plan Growth Option,22.8662,2026-07-01
134493,INF082J01184,INF082J01192,Quantum Dynamic Term Fund - Direct Plan Monthly IDCW,10.4503,2026-07-01
141061,INF082J01218,-,Quantum Dynamic Term Fund - Regular Plan Growth Option,22.3914,2026-07-01
141060,INF082J01226,INF082J01234,Quantum Dynamic Term Fund - Regular Plan Monthly IDCW,10.5076,2026-07-01
119671,INF200K01RD4,-,SBI Dynamic Bond Fund - DIRECT PLAN - Growth,41.1883,2026-07-01
119670,INF200K01RB8,INF200K01RC6,SBI Dynamic Bond Fund - Direct Plan - Income Distribution cum Capital Withdrawal Option (IDCW),23.0062,2026-07-01
102205,INF200K01958,-,SBI Dynamic Bond Fund - REGULAR PLAN - Growth,37.3652,2026-07-01
102206,INF200K01966,INF200K01974,SBI Dynamic Bond Fund - Regular Plan - Income Distribution cum Capital Withdrawal Option (IDCW),19.5889,2026-07-01
119097,INF277K01MV5,-,Tata Dynamic Bond Fund- Direct Plan-Growth Option,38.2366,2022-09-23
101909,INF277K01360,-,Tata Dynamic Bond Fund- Regular Plan - Growth Option,34.9217,2022-09-23
101224,INF277K01DE0,INF277K01352,Tata Dynamic Bond Fund- Regular Plan - Payout of IDCW Option,20.1116,2022-09-23
119098,INF277K01MT9,INF277K01MU7,Tata Dynamic Bond- Direct Plan - Payout of IDCW Option,22.6907,2022-09-23
119311,INF582M01799,-,Union Dynamic Bond Fund - Direct Plan - Growth Option,25.12,2026-07-01
119310,INF582M01815,INF582M01807,Union Dynamic Bond Fund - Direct Plan - IDCW Option,16.8262,2026-07-01
116555,INF582M01336,-,Union Dynamic Bond Fund - Growth Option,23.7137,2026-07-01
116556,INF582M01351,INF582M01344,Union Dynamic Bond Fund - IDCW Option,15.8099,2026-07-01
148118,INF789F1APX7,-,UTI - Dynamic Bond Fund (Segregated - 17022020) - Direct Plan - Growth Option,1.3473,2022-01-27
148117,INF789F1APO6,-,UTI - Dynamic Bond Fund (Segregated - 17022020) - Regular Plan - Growth Option,1.2708,2022-01-27
148125,INF789F1AQC9,INF789F1AQD7,UTI Dynamic Bond Fund ( Segregated - 17022020 ) - Direct Plan - Annual IDCW,0.7238,2022-01-27
148124,INF789F1AQE5,INF789F1AQF2,UTI Dynamic Bond Fund ( Segregated - 17022020 ) - Direct Plan - Flexi IDCW,0.7329,2022-01-27
148120,INF789F1AQA3,INF789F1AQB1,UTI Dynamic Bond Fund ( Segregated - 17022020 ) - Direct Plan - Half-Yearly IDCW,0.7258,2022-01-27
148121,INF789F1APY5,INF789F1APZ2,UTI Dynamic Bond Fund ( Segregated - 17022020 ) - Direct Plan - Quarterly IDCW,1.0369,2022-01-27
148122,INF789F1APT5,INF789F1APU3,UTI Dynamic Bond Fund ( Segregated - 17022020 ) - Regular Plan - Annual IDCW,0.6989,2022-01-27
148123,INF789F1APV1,INF789F1APW9,UTI Dynamic Bond Fund ( Segregated - 17022020 ) - Regular Plan - Flexi IDCW,0.7036,2022-01-27
148119,INF789F1APR9,INF789F1APS7,UTI Dynamic Bond Fund ( Segregated - 17022020 ) - Regular Plan - Half-Yearly IDCW,0.6896,2022-01-27
148126,INF789F1APP3,INF789F1APQ1,UTI Dynamic Bond Fund ( Segregated - 17022020 ) - Regular Plan - Quarterly IDCW,0.7527,2022-01-27
135536,INF789FA1S65,INF789FA1S73,UTI Dynamic Bond Fund - Direct Plan - Annual IDCW,15.0292,2026-07-01
133180,INF789FA1S81,INF789FA1S99,UTI Dynamic Bond Fund - Direct Plan - Flexi IDCW,17.7783,2026-07-01
120762,INF789F01XD4,-,UTI Dynamic Bond Fund - Direct Plan - Growth Option,35.4258,2026-07-01
134788,INF789FA1S40,INF789FA1S57,UTI Dynamic Bond Fund - Direct Plan - Half-Yearly IDCW,17.4381,2026-07-01
120763,INF789F01XB8,INF789F01XC6,UTI Dynamic Bond Fund - Direct Plan - Quarterly IDCW,27.2616,2026-07-01
133852,INF789FA1S08,INF789FA1S16,UTI Dynamic Bond Fund - Regular Plan - Annual IDCW,13.8703,2026-07-01
135336,INF789FA1S24,INF789FA1S32,UTI Dynamic Bond Fund - Regular Plan - Flexi IDCW,17.1341,2026-07-01
113077,INF789F01JQ5,-,UTI Dynamic Bond Fund - Regular Plan - Growth Option,32.3259,2026-07-01
139181,INF789FA1R82,INF789FA1R90,UTI Dynamic Bond Fund - Regular Plan - Half-Yearly IDCW,15.9294,2026-07-01
113078,INF789F01JO0,INF789F01JP7,UTI Dynamic Bond Fund - Regular Plan - Quarterly IDCW,17.6011,2026-07-01
122645,INF209K01UW9,-,Aditya Birla Sun Life Floating Rate Fund-Direct - daily IDCW,100.2875,2026-07-01
122648,INF209K01UY5,-,Aditya Birla Sun Life Floating Rate Fund-Direct - weekly IDCW,100.9856,2026-07-01
122646,INF209K01UX7,-,Aditya Birla Sun Life Floating Rate Fund-Direct Plan-Growth,381.4499,2026-07-01
122643,-,INF209KA1LN1,Aditya Birla Sun Life Floating Rate Fund-Regular - DAILY IDCW,100.2875,2026-07-01
122647,-,INF209K01MH7,Aditya Birla Sun Life Floating Rate Fund-REGULAR - WEEKLY IDCW,100.9107,2026-07-01
122644,INF209K01MG9,-,Aditya Birla Sun Life Floating Rate Fund-Regular Plan-Growth,370.416,2026-07-01
149055,INF846K016A1,INF846K015A3,Axis Floater Fund - Direct Plan - Annual IDCW,1377.2176,2026-07-01
149050,-,INF846K011B0,Axis Floater Fund - Direct Plan - Daily IDCW,1009.421,2026-07-01
149049,INF846K014A6,-,Axis Floater Fund - Direct Plan - Growth,1415.3522,2026-07-01
149051,INF846K018A7,INF846K017A9,Axis Floater Fund - Direct Plan - Monthly IDCW,1017.6356,2026-07-01
149052,INF846K019A5,INF846K010B2,Axis Floater Fund - Direct Plan - Quarterly IDCW,1334.9667,2026-07-01
149047,INF846K014B4,INF846K013B6,Axis Floater Fund - Regular Plan - Annual IDCW,1354.9841,2026-07-01
149054,-,INF846K019B3,Axis Floater Fund - Regular Plan - Daily IDCW,1022.0073,2026-07-01
149048,INF846K012B8,-,Axis Floater Fund - Regular Plan - Growth,1390.9424,2026-07-01
149053,INF846K016B9,INF846K015B1,Axis Floater Fund - Regular Plan - Monthly IDCW,1016.9623,2026-07-01
149046,INF846K018B5,INF846K017B7,Axis Floater Fund - Regular Plan - Quarterly IDCW,1313.0227,2026-07-01
148714,-,INF194KB1BB3,BANDHAN FLOATER FUND  - DIRECT PLAN DAILY IDCW,10.1331,2026-07-01
148711,INF194KB1BA5,-,BANDHAN FLOATER FUND  - DIRECT PLAN GROWTH,14.1284,2026-07-01
148713,INF194KB1BD9,INF194KB1BE7,BANDHAN FLOATER FUND  - DIRECT PLAN MONTHLY IDCW,10.1468,2026-07-01
148715,INF194KB1BH0,INF194KB1BI8,BANDHAN FLOATER FUND  - DIRECT PLAN PERIODIC IDCW,13.818,2026-07-01
148712,INF194KB1BF4,INF194KB1BG2,BANDHAN FLOATER FUND  - DIRECT PLAN QUARTERLY IDCW,10.4466,2026-07-01
148716,-,INF194KB1BC1,BANDHAN FLOATER FUND  - DIRECT PLAN WEEKLY IDCW,10.1651,2026-07-01
148718,INF194KB1AY7,INF194KB1AZ4,BANDHAN FLOATER FUND  - REGULAR PLAN ANNUAL IDCW,10.4135,2026-07-01
148710,-,INF194KB1AQ3,BANDHAN FLOATER FUND  - REGULAR PLAN DAILY IDCW,10.1331,2026-07-01
148705,INF194KB1AP5,-,BANDHAN FLOATER FUND  - REGULAR PLAN GROWTH,13.744,2026-07-01
148707,INF194KB1AS9,INF194KB1AT7,BANDHAN FLOATER FUND  - REGULAR PLAN MONTHLY IDCW,10.1462,2026-07-01
148709,INF194KB1AW1,INF194KB1AX9,BANDHAN FLOATER FUND  - REGULAR PLAN PERIODIC IDCW,13.7456,2026-07-01
148706,INF194KB1AU5,INF194KB1AV3,BANDHAN FLOATER FUND  - REGULAR PLAN QUARTERLY IDCW,10.4164,2026-07-01
148708,-,INF194KB1AR1,BANDHAN FLOATER FUND  - REGULAR PLAN WEEKLY IDCW,10.164,2026-07-01
148717,INF194KB1BJ6,INF194KB1BK4,BANDHAN FLOATER FUND- DIRECT PLAN ANNUAL IDCW,10.4425,2026-07-01
148771,INF740KA1PV1,-,DSP Floater Fund - Direct Plan - Growth,14.2435,2026-07-01
148769,INF740KA1PW9,INF740KA1PX7,DSP Floater Fund - Direct Plan - IDCW,14.2435,2026-07-01
148768,INF740KA1PS7,-,DSP Floater Fund - Regular Plan - Growth,14.0369,2026-07-01
148770,INF740KA1PT5,INF740KA1PU3,DSP Floater Fund - Regular Plan - IDCW,14.0369,2026-07-01
118508,INF090I01LK1,-,Franklin India Floating Rate Fund - Direct - Growth,47.6156,2026-07-01
118507,INF090I01LL9,-,Franklin India Floating Rate Fund - Direct - IDCW,10.0607,2026-07-01
101048,INF090I01LM7,-,Franklin India Floating Rate Fund - Growth Plan,43.3102,2026-07-01
101044,INF090I01LN5,-,Franklin India Floating Rate Fund - IDCW,10.1618,2026-07-01
106838,-,INF179K01699,HDFC Floating Rate Debt Fund - Daily IDCW Option,10.0809,2026-07-01
118959,-,INF179KC1IU6,HDFC Floating Rate Debt Fund - Direct Plan - Daily IDCW,10.0809,2026-07-01
118961,INF179K01VQ4,-,HDFC Floating Rate Debt Fund - Direct Plan - Growth Option,54.4884,2026-07-01
118960,INF179K01VO9,INF179K01VP6,HDFC Floating Rate Debt Fund - Direct Plan - Monthly IDCW,10.1586,2026-07-01
118962,INF179KC1IW2,-,HDFC Floating Rate Debt Fund - Direct Plan - Weekly IDCW,10.0543,2026-07-01
106841,INF179K01707,-,HDFC Floating Rate Debt Fund - Growth Option,53.2916,2026-07-01
106839,INF179K01715,INF179K01723,HDFC Floating Rate Debt Fund - Monthly IDCW Option,10.1584,2026-07-01
106840,INF179K01731,INF179KC1IV4,HDFC Floating Rate Debt Fund - Weekly IDCW Option,10.054,2026-07-01
130899,INF109KA1I43,-,ICICI Prudential Floating Interest Fund - Bonus,151.7062,2020-04-24
101804,INF109K01AW3,-,ICICI Prudential Floating Interest Fund - Daily IDCW,100.876,2026-07-01
120423,-,INF109K01P24,ICICI Prudential Floating Interest Fund - Direct Plan - Daily IDCW,100.4256,2026-07-01
120427,INF109K01P40,-,ICICI Prudential Floating Interest Fund - Direct Plan - Fortnightly IDCW,101.9935,2022-09-16
120425,INF109K01P57,-,ICICI Prudential Floating Interest Fund - Direct Plan - Growth,497.8877,2026-07-01
120426,INF109K01P65,INF109K01P32,ICICI Prudential Floating Interest Fund - Direct Plan - IDCW Others,212.864,2026-07-01
122607,INF109K018Z6,INF109K017Z8,ICICI Prudential Floating Interest Fund - Direct Plan - Monthly IDCW,102.6565,2022-09-16
125216,INF109KA1012,INF109K019Z4,ICICI Prudential Floating Interest Fund - Direct Plan - Quarterly IDCW,108.6397,2022-09-16
120424,INF109K01P73,INF109K01P81,ICICI Prudential Floating Interest Fund - Direct Plan - Weekly IDCW,102.4019,2026-07-01
101803,INF109K01AZ6,-,ICICI Prudential Floating Interest Fund - Fortnightly IDCW,101.9908,2022-09-16
101802,INF109K01AX1,-,ICICI Prudential Floating Interest Fund - Growth,453.1566,2026-07-01
115510,INF109K01WQ9,INF109K01WP1,ICICI Prudential Floating Interest Fund - IDCW Others,200.0353,2026-07-01
122606,INF109KA1038,INF109KA1020,ICICI Prudential Floating Interest Fund - Monthly IDCW,103.1015,2022-09-16
122891,INF109KA1053,INF109KA1046,ICICI Prudential Floating Interest Fund - Quarterly IDCW,107.1895,2022-09-16
111545,INF109K01EN4,INF109K01AY9,ICICI Prudential Floating Interest Fund - Weekly IDCW,102.3986,2026-07-01
101800,INF109K01928,-,ICICI Prudential Floating Interest Fund Plan A - Dividend Daily,100.0251,2020-04-24
101796,INF109K01910,-,ICICI Prudential Floating Interest Fund Plan A - Fortnightly Dividend,101.3988,2020-04-24
101795,INF109K01936,-,ICICI Prudential Floating Interest Fund Plan A - Growth,300.7518,2020-04-24
111544,INF109K01EK0,INF109K01944,ICICI Prudential Floating Interest Fund Plan A - Weekly Dividend Option,101.1821,2020-04-24
101799,INF109K01951,-,ICICI Prudential Floating Interest Fund Plan B - Dividend Daily,100.025,2020-04-24
101794,INF109K01969,-,ICICI Prudential Floating Interest Fund Plan B - Fortnightly Dividend,101.397,2020-04-24
101793,INF109K01977,-,ICICI Prudential Floating Interest Fund Plan B - Growth,324.7401,2020-04-24
111543,INF109K01EL8,INF109K01985,ICICI Prudential Floating Interest Fund Plan B - Weekly Dividend Option,101.1822,2020-04-24
101801,INF109K01AA9,-,ICICI Prudential Floating Interest Fund Plan C - Dividend Daily,100.9403,2020-02-27
101798,INF109K01993,-,ICICI Prudential Floating Interest Fund Plan C - Fortnightly Dividend,101.3966,2020-04-24
101797,INF109K01AB7,-,ICICI Prudential Savings Fund Plan C - Growth,218.1632,2015-06-15
111546,INF109K01EM6,INF109K01AC5,ICICI Prudential Savings Fund Plan C - Weekly Dividend Option,101.3043,2017-02-15
147269,INF174KA1EC0,-,KOTAK FLOATING RATE FUND-DIRECT PLAN-GROWTH OPTION,1654.7897,2026-07-01
147267,-,INF174KA1EF3,KOTAK FLOATING RATE FUND-DIRECT PLAN-Standard Reinvestment of Income Distribution cum capital withdrawal option,1441.5773,2026-07-01
147266,INF174KA1DY6,-,KOTAK FLOATING RATE FUND-REGULAR PLAN-GROWTH OPTION,1610.2218,2026-07-01
147265,-,INF174KA1EB2,KOTAK FLOATING RATE FUND-REGULAR PLAN-STANDARD Reinvestment of Income Distribution cum capital withdrawal option,1435.0534,2026-07-01
118660,INF204K01D14,INF204K01E13,NIPPON INDIA FLOATER  FUND - DIRECT Plan - WEEKLY IDCW Option,10.2936,2026-07-01
118656,INF204K01E05,-,Nippon India Floater Fund  - Direct Plan Growth Plan - Growth Option,50.6579,2026-07-01
102676,-,INF204K01CI7,NIPPON INDIA FLOATER FUND - DAILY IDCW REINVESTMENT Option,10.2858,2026-07-01
118654,-,INF204K01D71,NIPPON INDIA FLOATER FUND - DIRECT Plan - DAILY IDCW Option,10.3075,2026-07-01
124590,INF204KA1DU8,INF204KA1DV6,NIPPON INDIA FLOATER FUND - DIRECT Plan - IDCW Option,22.6013,2026-07-01
118655,INF204K01D89,INF204K01D97,NIPPON INDIA FLOATER FUND - DIRECT Plan - MONTHLY IDCW Option,11.3766,2026-07-01
118661,INF204K01C98,INF204K01D06,NIPPON INDIA FLOATER FUND - DIRECT Plan - QUARTERLY IDCW Option,10.9234,2026-07-01
102673,INF204K01CG1,-,Nippon India Floater Fund - Growth Plan-Growth Option,48.0037,2026-07-01
124589,INF204KA1DS2,INF204KA1DT0,NIPPON INDIA FLOATER FUND - IDCW Option,21.6747,2026-07-01
102675,INF204K01CH9,INF204K01CK3,NIPPON INDIA FLOATER FUND - MONTHLY IDCW Option,11.1739,2026-07-01
112942,INF204K01HK2,INF204K01HL0,NIPPON INDIA FLOATER FUND - QUARTERLY IDCW Option,11.025,2026-07-01
102677,INF204K01OQ5,INF204K01CJ5,NIPPON INDIA FLOATER FUND - WEEKLY IDCW Option,10.2901,2026-07-01
148550,INF200KA1R64,-,SBI Floating Rate Debt Fund - Direct Plan - Growth,14.2973,2026-07-01
148551,INF200KA1R72,INF200KA1R80,SBI Floating Rate DEBT Fund - Direct Plan - Monthly Income Distribution cum Capital Withdrawal Option (IDCW),14.2964,2026-07-01
148549,INF200KA1R98,INF200KA1S06,SBI Floating Rate DEBT Fund - Direct Plan - Quarterly Income Distribution cum Capital Withdrawal Option (IDCW),14.2977,2026-07-01
148543,INF200KA1R15,-,SBI Floating Rate Debt Fund - Regular Plan - Growth,14.1458,2026-07-01
148544,INF200KA1R23,INF200KA1R31,SBI Floating Rate DEBT Fund - Regular Plan - Monthly Income Distribution cum Capital Withdrawal Option (IDCW),14.1495,2026-07-01
148546,INF200KA1R49,INF200KA1R56,SBI Floating Rate DEBT Fund - Regular Plan - Quarterly Income Distribution cum Capital Withdrawal Option (IDCW),14.1468,2026-07-01
149007,INF277KA1026,-,Tata Floating Rate Fund -Direct Plan-Growth,13.8472,2026-07-01
149037,-,INF277KA1075,Tata Floating Rate Fund-Direct Plan-IDCW Monthly Dividend Reinvestment,13.8472,2026-07-01
149000,INF277KA1042,-,Tata Floating Rate Fund-Direct Plan-IDCW Monthly Payout,13.8472,2026-07-01
149033,-,INF277KA1067,Tata Floating Rate Fund-Direct Plan-IDCW Periodic Dividend Reinvestment,13.8472,2026-07-01
149002,INF277KA1034,-,Tata Floating Rate Fund-Direct Plan-IDCW Periodic Payout,13.8472,2026-07-01
149034,-,INF277KA1083,Tata Floating Rate Fund-Direct Plan-IDCW Quarterly Dividend Reinvestment,13.8472,2026-07-01
149001,INF277KA1059,-,Tata Floating Rate Fund-Direct Plan-IDCW Quarterly Payout,13.8472,2026-07-01
149003,INF277KA1091,-,Tata Floating Rate Fund-Regular Plan-Growth,13.5519,2026-07-01
149035,-,INF277KA1141,Tata Floating Rate Fund-Regular Plan-IDCW Monthly Dividend Reinvestment,13.5519,2026-07-01
149004,INF277KA1117,-,Tata Floating Rate Fund-Regular Plan-IDCW Monthly Payout,13.5519,2026-07-01
149036,-,INF277KA1133,Tata Floating Rate Fund-Regular Plan-IDCW Periodic Dividend Reinvestment,13.5519,2026-07-01
149006,INF277KA1109,-,Tata Floating Rate Fund-Regular Plan-IDCW Periodic Payout,13.5519,2026-07-01
149038,-,INF277KA1158,Tata Floating Rate Fund-Regular Plan-IDCW Quarterly Dividend Reinvestment,13.5519,2026-07-01
149005,INF277KA1125,-,Tata Floating Rate Fund-Regular Plan-IDCW Quarterly Payout,13.5519,2026-07-01
145295,INF789F1ACX5,-,UTI - Floater Fund - Direct Plan - Growth Option,1667.0555,2026-07-01
145287,INF789F1ACO4,-,UTI - Floater Fund - Regular Plan  - Growth Option,1586.3177,2026-07-01
145293,INF789F1ADA1,INF789F1ADB9,UTI Floater Fund - Direct Plan - Annual IDCW,1526.056,2026-07-01
145291,INF789F1ADE3,INF789F1ADF0,UTI Floater Fund - Direct Plan - Flexi IDCW,1570.4931,2026-07-01
145296,INF789F1ADC7,INF789F1ADD5,UTI Floater Fund - Direct Plan - Half-Yearly IDCW,1519.5253,2026-07-01
145290,INF789F1ACY3,INF789F1ACZ0,UTI Floater Fund - Direct Plan - Quarterly IDCW,1419.6759,2026-07-01
145289,INF789F1ACR7,INF789F1ACS5,UTI Floater Fund - Regular Plan - Annual IDCW,1506.5117,2026-07-01
145292,INF789F1ACV9,INF789F1ACW7,UTI Floater Fund - Regular Plan - Flexi IDCW,1450.175,2026-07-01
145288,INF789F1ACT3,INF789F1ACU1,UTI Floater Fund - Regular Plan - Half-Yearly IDCW,1400.9608,2026-07-01
145294,INF789F1ACP1,INF789F1ACQ9,UTI Floater Fund - Regular Plan - Quarterly IDCW,1285.0055,2026-07-01
119606,INF209KA1LC4,INF209K01XR3,Aditya Birla Sun Life Govenment Securities Fund -DIRECT - Quarterly IDCW,11.7286,2026-07-01
100057,INF209K01AF6,INF209K01DP9,Aditya Birla Sun Life Govenment Securities Fund -Regular - Quarterly IDCW,10.9279,2026-07-01
100058,INF209K01AC3,INF209K01AD1,Aditya Birla Sun Life Government Securities Fund  - Growth - Regular Plan,82.8313,2026-07-01
119605,INF209K01XP7,-,Aditya Birla Sun Life Government Securities Fund - Growth - Direct Plan,89.5639,2026-07-01
128957,INF846K01NJ0,-,Axis Gilt Fund - Direct Plan - Bonus Option,14.7352,2016-10-06
120447,INF846K01DD4,-,Axis Gilt Fund - Direct Plan - Growth Option,28.6594,2026-07-01
120448,INF846K01DF9,INF846K01DE2,Axis Gilt Fund - Direct Plan - Half Yearly IDCW,12.6782,2026-07-01
120449,INF846K01DG7,INF846K01DH5,Axis Gilt Fund - Direct Plan - Regular IDCW,10.1287,2026-07-01
116471,INF846K01AX8,-,Axis Gilt Fund - Regular Plan - Growth Option,26.7934,2026-07-01
116472,INF846K01AZ3,INF846K01BB2,Axis Gilt Fund - Regular Plan - Half Yearly IDCW,12.1269,2026-07-01
116470,INF846K01CK1,INF846K01CL9,Axis Gilt Fund - Regular Plan - Regular IDCW,10.1261,2026-07-01
153206,INF0QA701AP9,-,Bajaj Finserv Gilt Fund - Direct - Growth,1080.2316,2026-07-01
153207,INF0QA701AQ7,INF0QA701AR5,Bajaj Finserv Gilt Fund - Direct - IDCW,1080.2316,2026-07-01
153211,INF0QA701AM6,-,Bajaj Finserv Gilt Fund - Regular - Growth,1067.5027,2026-07-01
153209,INF0QA701AN4,INF0QA701AO2,Bajaj Finserv Gilt Fund - Regular - IDCW,1067.5027,2026-07-01
108557,INF194K01EH8,INF194K01EG0,Bandhan Gilt Fund - Regular Plan - Quarterly IDCW,12.0828,2026-07-01
118467,INF194K01Q78,INF194K01Q60,Bandhan Gilt Fund - Direct Plan - Annual IDCW,12.818,2026-07-01
118464,INF194K01Q29,-,Bandhan Gilt Fund - Direct Plan - Growth,41.1898,2026-07-01
118465,INF194K01Q45,INF194K01Q37,Bandhan Gilt Fund - Direct Plan - Half Yearly IDCW,12.8172,2026-07-01
118463,INF194K01R36,INF194K01R28,Bandhan Gilt Fund - Direct Plan - IDCW,15.8815,2026-07-01
131394,INF194KA1RZ9,INF194KA1SA0,Bandhan Gilt Fund - Direct Plan - Periodic IDCW,19.4961,2026-07-01
118466,INF194K01R02,INF194K01Q94,Bandhan Gilt Fund - Direct Plan - Quarterly IDCW,11.7808,2026-07-01
111525,INF194K01DZ2,-,Bandhan Gilt Fund - Regular Plan - Growth,37.866,2026-07-01
111527,INF194K01EK2,INF194K01EJ4,Bandhan Gilt Fund - Regular Plan - IDCW,14.2699,2026-07-01
131395,INF194KA1RW6,INF194KA1RX4,Bandhan Gilt Fund - Regular Plan B - Periodic IDCW,17.7871,2026-07-01
108559,INF194K01EE5,INF194K01ED7,Bandhan Gilt Fund - Regular Plan - Annual IDCW,11.6846,2026-07-01
108558,INF194K01EB1,INF194K01EA3,Bandhan Gilt Fund - Regular - Plan B - Half Yearly IDCW,11.802,2026-07-01
119341,INF955L01AD7,-,Baroda BNP Paribas GILT FUND - Direct Plan - Growth Option,48.5457,2026-07-01
119340,INF955L01AB1,INF955L01AC9,Baroda BNP Paribas GILT FUND - Direct Plan - IDCW Option,35.6378,2026-07-01
101187,INF955L01450,-,Baroda BNP Paribas GILT FUND - Regular Plan - Growth Option,44.1102,2026-07-01
101188,INF955L01435,INF955L01443,Baroda BNP Paribas GILT FUND - Regular Plan - IDCW Option,26.1816,2026-07-01
118299,INF760K01FC4,-,CANARA ROBECO GILT FUND - DIRECT PLAN - GROWTH OPTION,83.1927,2026-07-01
118298,INF760K01FA8,INF760K01FB6,CANARA ROBECO GILT FUND - DIRECT PLAN - IDCW (Payout/Reinvestment),16.1815,2026-07-01
100597,INF760K01AE1,-,CANARA ROBECO GILT FUND - REGULAR PLAN - GROWTH OPTION,76.6804,2026-07-01
100596,INF760K01AB7,INF760K01AC5,CANARA ROBECO GILT FUND - REGULAR PLAN - IDCW (Payout/Reinvestment),14.7275,2026-07-01
119099,INF740K01NF3,-,DSP Gilt Fund - Direct Plan - Growth,106.5552,2026-07-01
119101,INF740K01NG1,INF740K01NI7,DSP Gilt Fund - Direct Plan - IDCW,13.0223,2026-07-01
119100,INF740K01NE6,INF740K01NH9,DSP Gilt Fund - Direct Plan - IDCW - Monthly,10.9207,2026-07-01
100084,INF740K01615,-,DSP Gilt Fund - Regular Plan - Growth,99.4153,2026-07-01
100085,INF740K01607,INF740K01AD5,DSP Gilt Fund - Regular Plan - IDCW,12.8846,2026-07-01
100086,INF740K01623,INF740K01AE3,DSP Gilt Fund - Regular Plan - IDCW - Monthly,10.8752,2026-07-01
140309,INF843K01HB6,INF843K01HA8,Edelweiss Government Securities Fund - Direct Plan - Annual Dividend Option,26.8919,2026-07-01
140298,INF843K01GS2,-,Edelweiss Government Securities Fund - Direct Plan - Growth Option,26.8812,2026-07-01
140302,INF843K01GU8,INF843K01GV6,Edelweiss Government Securities Fund - Direct Plan - IDCW Option,26.7739,2026-07-01
140306,INF843K01GX2,-,Edelweiss Government Securities Fund - Direct Plan Fortnightly - IDCW Option,22.3562,2026-07-01
140308,INF843K01GZ7,INF843K01GY0,Edelweiss Government Securities Fund - Direct Plan Monthly - IDCW Option,16.6356,2026-07-01
140304,INF843K01GW4,-,Edelweiss Government Securities Fund - Direct Plan weekly - IDCW Option,13.6903,2026-07-01
140310,INF843K01HL5,INF843K01HK7,Edelweiss Government Securities Fund - Regular Plan - Annual - IDCW Option,25.1136,2026-07-01
140297,INF843K01HC4,-,Edelweiss Government Securities Fund - Regular Plan - Growth Option,25.1026,2026-07-01
140301,INF843K01HE0,INF843K01HF7,Edelweiss Government Securities Fund - Regular Plan - IDCW Option,25.1191,2026-07-01
140305,INF843K01HH3,-,Edelweiss Government Securities Fund - Regular Plan Fortnightly - IDCW Option,23.7455,2026-07-01
140307,INF843K01HJ9,INF843K01HI1,Edelweiss Government Securities Fund - Regular Plan Monthly - IDCW Option,10.4502,2026-07-01
140303,INF843K01HG5,-,Edelweiss Government Securities Fund - Regular Plan Weekly - IDCW Option,10.3658,2026-07-01
118498,INF090I01HS2,-,Franklin India Government Securities Fund - Direct - Growth,67.3246,2026-07-01
118497,INF090I01HQ6,INF090I01HR4,Franklin India Government Securities Fund - Direct - IDCW,11.8524,2026-07-01
100493,INF090I01CU9,-,Franklin India Government Securities Fund - Growth,61.1042,2026-07-01
100494,INF090I01CS3,INF090I01CT1,Franklin India Government Securities Fund - IDCW,10.695,2026-07-01
153477,INF666M01KK2,-,Groww Gilt Fund - Direct - Growth,10.0522,2026-07-01
153502,INF666M01KL0,INF666M01KM8,Groww Gilt Fund - Direct - IDCW,10.0501,2026-07-01
153503,INF666M01KN6,-,Groww Gilt Fund - Regular - Growth,9.9341,2026-07-01
153504,INF666M01KO4,INF666M01KP1,Groww Gilt Fund - Regular - IDCW,9.9343,2026-07-01
119116,INF179K01VS0,-,HDFC Gilt Fund - Growth Option - Direct Plan,60.7942,2026-07-01
101083,INF179K01756,-,HDFC Gilt Fund - Growth Plan,57.5016,2026-07-01
119115,INF179K01VR2,INF179K01VT8,HDFC Gilt Fund - IDCW Option - Direct Plan,13.1088,2026-07-01
101084,INF179K01772,INF179K01764,HDFC Gilt Fund - IDCW Plan,12.2841,2026-07-01
151014,INF917K01FI7,-,HSBC Gilt Fund - Direct Growth,77.805,2026-07-01
151015,INF917K01FK3,INF917K01FJ5,HSBC Gilt Fund - Direct Quarterly IDCW,12.0123,2026-07-01
151013,INF917K01BP1,-,HSBC Gilt Fund - Regular Growth,67.1085,2026-07-01
151012,INF917K01BN6,INF917K01BO4,HSBC Gilt Fund - Regular Quarterly IDCW,10.2607,2026-07-01
130903,INF109KA1H10,-,ICICI Prudential Gilt Fund - Bonus,12.8414,2016-08-18
120590,INF109K018C5,-,ICICI Prudential Gilt Fund - Direct Plan - Growth,117.2525,2026-07-01
120589,INF109K016C9,INF109K017C7,ICICI Prudential Gilt Fund - Direct Plan - IDCW,18.7115,2026-07-01
130955,INF109KA1H02,-,ICICI Prudential Gilt Fund - Direct Plan Bonus,18.0717,2020-04-24
100369,INF109K01JR4,-,ICICI Prudential Gilt Fund - Growth,108.2615,2026-07-01
100368,INF109K01JQ6,INF109K01JP8,ICICI Prudential Gilt Fund - IDCW,17.7357,2026-07-01
130902,INF109KA1I68,-,ICICI Prudential Short Term Gilt Fund - Bonus,10.0481,2015-05-12
120607,INF109K012D6,INF109K013D4,ICICI Prudential Short Term Gilt Fund - Direct Plan -  Dividend,12.2962,2018-05-25
120608,INF109K014D2,-,ICICI Prudential Short Term Gilt Fund - Direct Plan -  Growth,44.688,2018-05-25
120609,INF109K015D9,INF109K016D7,ICICI Prudential Short Term Gilt Fund - Direct Plan -  Half Yearly Dividend,10.7239,2017-10-06
130956,INF109KA1I50,-,ICICI Prudential Short Term Gilt Fund - Direct Plan Bonus,12.8615,2018-03-27
100370,INF109K01JW4,INF109K01JV6,ICICI Prudential Short Term Gilt Fund - Dividend,12.1349,2018-05-25
100371,INF109K01JX2,-,ICICI Prudential Short Term Gilt Fund - Growth,43.635,2018-05-25
100372,INF109K01JZ7,INF109K01JY0,ICICI Prudential Short Term Gilt Fund - Half Yearly Dividend,11.2589,2018-05-25
120520,INF205K01SN0,-,Invesco India Gilt Fund - Direct  Plan - Growth,3260.0302,2026-07-01
120519,INF205K01SL4,INF205K01SM2,Invesco India Gilt Fund - Direct Plan - Annual IDCW (Payout / Reinvestment),1220.8511,2026-07-01
120521,-,INF205K01SO8,Invesco India Gilt Fund - Direct Plan - Monthly IDCW (Reinvestment),2543.9288,2026-07-01
120522,INF205K01SP5,INF205K01SQ3,Invesco India Gilt Fund - Direct Plan - Quarterly IDCW (Payout / Reinvestment),1129.7239,2026-07-01
107476,INF205K01SJ8,INF205K01SK6,Invesco India Gilt Fund - Regular Plan - Annual IDCW (Payout / Reinvestment),1178.358,2026-07-01
107477,INF205K01SR1,-,Invesco India Gilt Fund - Regular Plan - Growth,2926.9793,2026-07-01
107471,-,INF205K01SS9,Invesco India Gilt Fund - Regular Plan - Monthly IDCW (Reinvestment),1648.6827,2026-07-01
107472,INF205K01ST7,INF205K01SU5,Invesco India Gilt Fund - Regular Plan - Quarterly IDCW (Payout / Reinvestment),1334.5013,2026-07-01
100281,INF174K01FL9,-,Kotak Gilt-Investment  Provident Fund and Trust-Growth,99.6873,2026-07-01
119757,INF174K01KM7,-,Kotak Gilt-Investment  Provident Fund and Trust-Growth - Direct,114.4132,2026-07-01
100280,INF174K01FM7,-,Kotak Gilt-Investment  Provident Fund and Trust-Payout of Income Distribution cum capital withdrawal option,11.8391,2026-07-01
100265,INF174K01FI5,-,Kotak Gilt-Investment Regular-Growth,97.4393,2026-07-01
119759,INF174K01KE4,-,Kotak Gilt-Investment Regular-Growth - Direct,111.7059,2026-07-01
100264,INF174K01FK1,INF174K01FJ3,Kotak Gilt-Investment Regular-Payout of Income Distribution cum capital withdrawal option,19.0399,2026-07-01
119758,INF174K01KF1,-,Kotak Gilt-Investment Regular-Payout of Income Distribution cum capital withdrawal option - Direct,24.5811,2026-07-01
120282,INF767K01EZ3,-,LIC MF Gilt Fund-Direct Plan-Growth,67.2702,2026-07-01
120283,INF767K01EY6,INF767K01FA3,LIC MF Gilt Fund-Direct Plan-IDCW,19.3782,2026-07-01
100319,INF767K01733,-,LIC MF Gilt Fund-PF Plan-Growth,35.0507,2026-07-01
100318,INF767K01717,INF767K01725,LIC MF Gilt Fund-PF Plan-IDCW,22.6813,2026-07-01
100317,INF767K01709,-,LIC MF Gilt Fund-Regular Plan-Growth,60.687,2026-07-01
100316,INF767K01683,INF767K01691,LIC MF Gilt Fund-Regular Plan-IDCW,17.4931,2026-07-01
118670,INF204K01XQ6,INF204K01XR4,NIPPON INDIA GILT  FUND - Direct Plan - MONTHLY IDCW Option,11.7557,2026-07-01
118669,INF204K01E70,-,Nippon India Gilt  Fund - Direct Plan - P F Option - Automatic Capital Appreciation Payout Option,44.5056,2026-07-01
118673,INF204K01E88,-,Nippon India Gilt  Fund - Direct Plan - P F Option - Defined Maturity Date Option,44.7418,2026-07-01
118672,INF204K01XP8,-,Nippon India Gilt  Fund - Direct Plan Growth Plan - Growth Option,44.6212,2026-07-01
109717,INF204K01BX8,-,Nippon India Gilt  Fund - Institutional Plan-Growth Plan -Growth Option,40.0371,2026-07-01
109723,INF204K01BV2,INF204K01BW0,NIPPON INDIA GILT  FUND - MONTHLY IDCW Option,10.7905,2026-07-01
109720,INF204K01BU4,-,Nippon India Gilt  Fund -Growth Plan - Growth Option,39.2741,2026-07-01
109716,INF204K01CA4,-,Nippon India Gilt  Fund -P F Option-Automatic Annual Reinvest Option,32.9337,2026-07-01
109721,INF204K01CB2,-,Nippon India Gilt  Fund -P F Option-Defined Maturity Date Option,39.2741,2026-07-01
133265,INF204KA1YV2,-,Nippon India Gilt  Fund- Direct Plan- Growth Plan- Bonus Option,24.9389,2026-07-01
133264,INF204KA1YU4,-,Nippon India Gilt  Fund- Growth Plan- Bonus Option,13.0522,2018-07-02
109718,INF204K01CD8,-,Nippon India Gilt  Fund-Institutional Plan-P F Option-Automatic Capital Appreciation Payout Option,23.0785,2017-07-31
109724,INF204K01CC0,-,Nippon India Gilt  Fund-P F Option-Automatic Capital Appreciation Payout Option,39.2741,2026-07-01
118674,-,INF204K01E62,Nippon India Gilt Fund - Direct Plan - P F Option - Automatic Annual Reinvest Option,24.1516,2026-07-01
138471,INF223J01AR4,-,PGIM India Gilt Fund - Bonus,13.8662,2016-08-01
138472,INF223J01ND7,-,PGIM India Gilt Fund - Direct Plan - Growth,33.5998,2026-07-01
138476,INF223J01VM1,-,PGIM India Gilt Fund - Direct Plan - Half Yearly Bonus,12.8877,2018-04-03
138474,INF223J01NB1,-,PGIM India Gilt Fund - Direct Plan - Quarterly Dividend,13.9853,2026-07-01
138470,INF223J01AQ6,-,PGIM India Gilt Fund - Growth,30.7952,2026-07-01
138475,INF223J01VL3,-,PGIM India Gilt Fund - Half Yearly Bonus,12.6178,2018-07-05
138467,INF223J01AO1,INF223J01AP8,PGIM India Gilt Fund - Quarterly Dividend,13.1234,2026-07-01
151228,INF966L01BF7,-,quant Gilt Fund - Growth Option - Direct Plan,12.5568,2026-07-01
151230,INF966L01BI1,-,quant Gilt Fund - Growth Option - Regular Plan,12.1423,2026-07-01
151229,INF966L01BG5,INF966L01BH3,quant Gilt Fund - IDCW Option - Direct Plan,12.5477,2026-07-01
151231,INF966L01BJ9,INF966L01BK7,quant Gilt Fund - IDCW Option - Regular Plan,12.153,2026-07-01
101934,INF200K01AH1,-,SBI GILT FUND -  GROWTH - PF (Fixed Period - 3 Yrs) Option,41.035,2026-07-01
101932,INF200K01AK5,-,SBI GILT FUND -  GROWTH - PF (Regular) Option,43.9296,2026-07-01
119707,INF200K01SH3,-,SBI GILT FUND - DIRECT PLAN - GROWTH,72.8073,2026-07-01
119706,INF200K01SF7,INF200K01SG5,SBI Gilt Fund - Direct Plan - Income Distribution cum Capital Withdrawal Option (IDCW),23.2369,2026-07-01
101950,INF200K01AC2,INF200K01AD0,SBI Gilt Fund - Income Distribution cum Capital Withdrawal Option (IDCW) - PF (Fixed Period - 1 Yr),21.1355,2026-07-01
101951,INF200K01AF5,INF200K01AG3,SBI Gilt Fund - Income Distribution cum Capital Withdrawal Option (IDCW) - PF (Fixed Period - 2 Yrs),21.3888,2026-07-01
101952,INF200K01AI9,INF200K01AJ7,SBI Gilt Fund - Income Distribution cum Capital Withdrawal Option (IDCW) - PF (Fixed Period - 3 Yrs),20.7382,2026-07-01
101001,INF200K01982,-,SBI GILT FUND - REGULAR PLAN - GROWTH,68.4127,2026-07-01
100999,INF200K01990,INF200K01AA6,SBI Gilt Fund - Regular Plan - Income Distribution cum Capital Withdrawal Option (IDCW),21.0367,2026-07-01
102046,-,-,Tata Gilt Retirement Plan (28/2/25) - Payout of IDCW Option,34.1747,2025-02-28
101945,-,-,Tata Gilt Retirement Plan- 28/2/25 Growth Option,34.2334,2025-02-28
119954,INF277K01OV1,INF277K01OW9,Tata Gilt Securities Fund - Direct Plan - Payout of IDCW Option,25.6276,2026-07-01
101049,INF277K01DN1,INF277K01535,Tata Gilt Securities Fund - Regular Plan - Payout of IDCW Option,22.2908,2026-07-01
101042,INF277K01519,-,Tata Gilt Securities Fund -Regular Plan- Growth Option,80.4119,2026-07-01
119953,INF277K01OX7,-,Tata Gilt Securities Fund- Direct Plan - Growth Option,91.0124,2026-07-01
150408,INF582M01IA6,INF582M01IB4,Union Gilt Fund - Direct Plan - Annual IDCW Option,12.6357,2026-07-01
150407,INF582M01HW2,-,Union Gilt Fund - Direct Plan - Growth Option,12.6357,2026-07-01
150456,INF582M01HX0,INF582M01HY8,Union Gilt Fund - Direct Plan - Half-yearly IDCW Option,12.6357,2026-07-01
150406,INF582M01IH1,INF582M01II9,Union Gilt Fund - Regular Plan - Annual IDCW Option,12.3976,2026-07-01
150405,INF582M01ID0,-,Union Gilt Fund - Regular Plan - Growth Option,12.3976,2026-07-01
150457,INF582M01IE8,INF582M01IF5,Union Gilt Fund - Regular Plan - Half-yearly IDCW Option,12.3976,2026-07-01
120792,INF789F01TL5,-,UTI - GILT FUND - Direct Plan - Growth Option,68.2034,2026-07-01
102512,INF789F01PT6,-,UTI - GILT FUND - Discontinued PF Plan - Growth Option,48.8149,2026-07-01
102514,INF789F01PU4,-,UTI - GILT FUND - Discontinued PF Plan Prescribed Date Auto Redemption Option,48.842,2026-07-01
102510,INF789F01661,-,UTI - GILT FUND - Regular Plan - Growth Option,65.6526,2026-07-01
102511,INF789F01PR0,INF789F01PS8,UTI - GILT FUND -Discontinued PF Plan -Dividend Option,26.8678,2026-07-01
120791,INF789F01TJ9,INF789F01TK7,UTI Gilt Fund - Direct Plan - IDCW,31.5636,2026-07-01
102509,INF789F01646,INF789F01653,UTI Gilt Fund - Regular Plan - IDCW,39.3585,2026-07-01
118387,INF194K01P38,-,Bandhan Gilt Fund with 10 year constant duration Fund - Direct Plan - Growth,49.2315,2026-07-01
118390,INF194K01P53,INF194K01P46,Bandhan Gilt Fund with 10 year constant duration Fund - Direct Plan - Monthly IDCW,10.4531,2026-07-01
131390,INF194KA1SL7,INF194KA1SM5,Bandhan Gilt Fund with 10 year constant duration Fund - Direct Plan - Periodic IDCW,14.6651,2026-07-01
118388,INF194K01P87,INF194K01P79,Bandhan Gilt Fund with 10 year constant duration Fund - Direct Plan - Quarterly IDCW,11.874,2026-07-01
118389,-,INF194K01Q03,Bandhan Gilt Fund with 10 year constant duration Fund - Direct Plan - Weekly IDCW,18.0132,2026-07-01
108644,INF194K01FC6,INF194K01FB8,Bandhan Gilt Fund with 10 year constant duration Fund - Regular Plan - Monthly IDCW,10.4138,2026-07-01
131391,INF194KA1SI3,INF194KA1SJ1,Bandhan Gilt Fund with 10 year constant duration Fund - Regular Plan - Periodic IDCW,17.2959,2026-07-01
108753,INF194K01FA0,-,Bandhan Gilt Fund with 10 year constant duration Fund - Regular Plan - Growth,48.316,2026-07-01
111343,INF194K01FI3,INF194K01FH5,Bandhan Gilt Fund with 10 year constant duration Fund - Regular Plan - Weekly IDCW,10.3525,2026-07-01
108646,INF194K01FF9,INF194K01FE2,Bandhan Gilt Fund with 10 year constant duration Fund - Regular Plan - Quarterly IDCW,11.5745,2026-07-01
131301,INF740K019I5,-,DSP 10Y G-Sec Fund - Direct Plan - Growth,23.0987,2026-07-01
131304,INF740K010J2,INF740K011J0,DSP 10Y G-Sec Fund - Direct Plan - IDCW,10.829,2026-07-01
131303,INF740K012J8,INF740K013J6,DSP 10Y G-Sec Fund - Direct Plan - IDCW - Monthly,10.6002,2026-07-01
131302,INF740K014J4,INF740K015J1,DSP 10Y G-Sec Fund - Direct Plan - IDCW - Quarterly,10.8204,2026-07-01
131297,INF740K012I0,-,DSP 10Y G-Sec Fund - Regular Plan - Growth,22.4995,2026-07-01
131298,INF740K013I8,INF740K014I6,DSP 10Y G-Sec Fund - Regular Plan - IDCW,10.6221,2026-07-01
131299,INF740K015I3,INF740K016I1,DSP 10Y G-Sec Fund - Regular Plan - IDCW - Monthly,10.7546,2026-07-01
131300,INF740K017I9,INF740K018I7,DSP 10Y G-Sec Fund - Regular Plan - IDCW - Quarterly,10.8741,2026-07-01
131059,INF109KA1N87,INF109KA1O29,ICICI Prudential Constant Maturity Gilt Fund - Annual IDCW,10.4889,2022-09-16
131056,INF109KA1O78,INF109KA1P10,ICICI Prudential Constant Maturity Gilt Fund - Direct Plan - Annual IDCW,10.6928,2022-09-16
131061,INF109KA1O37,-,ICICI Prudential Constant Maturity Gilt Fund - Direct Plan - Growth,26.6314,2026-07-01
131055,INF109KA1O60,INF109KA1P02,ICICI Prudential Constant Maturity Gilt Fund - Direct Plan - Half Yearly IDCW,10.679,2022-09-16
131053,INF109KA1O45,INF109KA1O86,ICICI Prudential Constant Maturity Gilt Fund - Direct Plan - Monthly IDCW,11.387,2022-09-16
131054,INF109KA1O52,INF109KA1O94,ICICI Prudential Constant Maturity Gilt Fund - Direct Plan - Quarterly IDCW,11.8557,2026-07-01
131051,INF109KA1N46,-,ICICI Prudential Constant Maturity Gilt Fund - Growth,26.0137,2026-07-01
131058,INF109KA1N79,INF109KA1O11,ICICI Prudential Constant Maturity Gilt Fund - Half Yearly IDCW,10.3816,2022-09-16
131062,INF109KA1N53,INF109KA1N95,ICICI Prudential Constant Maturity Gilt Fund - Monthly IDCW,11.1867,2022-09-16
131057,INF109KA1N61,INF109KA1O03,ICICI Prudential Constant Maturity Gilt Fund - quarterly IDCW,11.5865,2026-07-01
120137,INF200K01SK7,-,SBI CONSTANT MATURITY 10 YEAR GILT FUND - DIRECT PLAN - GROWTH,69.333,2026-07-01
120136,INF200K01SI1,INF200K01SJ9,SBI Constant Maturity 10 Year Gilt Fund - Direct Plan - Income Distribution cum Capital Withdrawal Option (IDCW),22.5529,2026-07-01
101002,INF200K01AN9,-,SBI CONSTANT MATURITY 10 Year GILT FUND - REGULAR PLAN - GROWTH,66.4718,2026-07-01
101003,INF200K01AO7,INF200K01AP4,SBI Constant Maturity 10 Year Gilt Fund - Regular Plan - Income Distribution cum Capital Withdrawal Option (IDCW),21.6189,2026-07-01
150423,INF789F1AVW7,INF789F1AVX5,UTI Gilt Fund with 10 year Constant Duration - Direct Plan - Annual IDCW Option,11.6558,2026-07-01
150424,INF789F1AVY3,INF789F1AVZ0,UTI Gilt Fund with 10 year Constant Duration - Direct Plan - Flexi IDCW Option,13.3696,2026-07-01
150410,INF789F1AVR7,-,UTI Gilt Fund with 10 year Constant Duration - Direct Plan - Growth Option,13.3696,2026-07-01
150415,INF789F1AVU1,INF789F1AVV9,UTI Gilt Fund with 10 year Constant Duration - Direct Plan - Half Yearly IDCW Option,13.2376,2026-07-01
150412,INF789F1AVS5,INF789F1AVT3,UTI Gilt Fund with 10 year Constant Duration - Direct Plan - Quarterly IDCW Option,13.3698,2026-07-01
150419,INF789F1AVN6,INF789F1AVO4,UTI Gilt Fund with 10 year Constant Duration - Regular Plan - Annual IDCW Option,11.4199,2026-07-01
150420,INF789F1AVP1,INF789F1AVQ9,UTI Gilt Fund with 10 year Constant Duration - Regular Plan - Flexi IDCW Option,13.1198,2026-07-01
150409,INF789F1AVI6,-,UTI Gilt Fund with 10 year Constant Duration - Regular Plan - Growth Option,13.1203,2026-07-01
150416,INF789F1AVL0,INF789F1AVM8,UTI Gilt Fund with 10 year Constant Duration - Regular Plan - Half Yearly IDCW Option,13.12,2026-07-01
150411,INF789F1AVJ4,INF789F1AVK2,UTI Gilt Fund with 10 year Constant Duration - Regular Plan - Quarterly IDCW Option,13.1203,2026-07-01
125349,-,INF579M01688,360 ONE LIQUID FUND DIRECT PLAN  DAILY DIVIDEND REINVESTMENT,1001.022,2026-07-01
125345,INF579M01621,-,360 ONE LIQUID FUND DIRECT PLAN  GROWTH,2148.1167,2026-07-01
125343,INF579M01639,INF579M01696,360 ONE LIQUID FUND DIRECT PLAN  WEEKLY DIVIDEND,1005.3579,2026-07-01
125342,-,INF579M01563,360 ONE LIQUID FUND REGULAR PLAN  DAILY DIVIDEND REINVESTMENT,1001.022,2026-07-01
125259,INF579M01506,-,360 ONE LIQUID FUND REGULAR PLAN  GROWTH,2132.5981,2026-07-01
125337,INF579M01514,INF579M01571,360 ONE LIQUID FUND REGULAR PLAN  WEEKLY DIVIDEND,1005.3598,2026-07-01
154049,-,INF2JJD01011,Abakkus Liquid Fund - Direct Plan - Daily IDCW Reinvestment,100.0863,2026-07-01
154051,INF2JJD01029,-,Abakkus Liquid Fund - Direct Plan - Growth,103.2614,2026-07-01
154055,-,INF2JJD01037,Abakkus Liquid Fund - Direct Plan - Monthly IDCW Reinvestment,100.3811,2026-07-01
154052,-,INF2JJD01052,Abakkus Liquid Fund - Direct Plan - Quarterly IDCW Reinvestment,101.5579,2026-07-01
154050,-,INF2JJD01045,Abakkus Liquid Fund - Direct Plan - Weekly IDCW Reinvestment,100.138,2026-07-01
154053,-,INF2JJD01060,Abakkus Liquid Fund - Regular Plan - Daily IDCW Reinvestment,100.0863,2026-07-01
154047,INF2JJD01078,-,Abakkus Liquid Fund - Regular Plan - Growth,103.2152,2026-07-01
154048,-,INF2JJD01086,Abakkus Liquid Fund - Regular Plan - Monthly IDCW Reinvestment,100.378,2026-07-01
154054,-,INF2JJD01102,Abakkus Liquid Fund - Regular Plan - Quarterly IDCW Reinvestment,101.5136,2026-07-01
154056,-,INF2JJD01094,Abakkus Liquid Fund - Regular Plan - Weekly IDCW Reinvestment,100.1338,2026-07-01
100047,INF209K01RU9,-,Aditya Birla Sun Life Liquid Fund - Growth,447.4729,2026-07-01
119568,INF209K01VA3,-,Aditya Birla Sun Life Liquid Fund - Growth - Direct Plan,453.4802,2026-07-01
100046,INF209K01KQ2,INF209K01SQ5,Aditya Birla Sun Life Liquid Fund -Daily IDCW,100.195,2026-07-01
119569,INF209K01UZ2,-,Aditya Birla Sun Life Liquid Fund -Direct - daily IDCW,100.195,2026-07-01
119571,INF209K01VD7,-,Aditya Birla Sun Life Liquid Fund -DIRECT - IDCW,136.3901,2026-07-01
119570,INF209K01VC9,-,Aditya Birla Sun Life Liquid Fund -Direct - weekly IDCW,100.3305,2026-07-01
100041,-,INF209K01KN9,Aditya Birla Sun Life Liquid Fund -Institutional - IDCW,108.023,2026-06-19
100048,INF209KA1LK7,INF209K01KY6,Aditya Birla Sun Life Liquid Fund -Institutional - weekly  IDCW,108.068,2026-06-19
103885,INF209KA1LI1,-,Aditya Birla Sun Life Liquid Fund -Regular - IDCW,103.7391,2026-07-01
100044,-,INF209K01KP4,Aditya Birla Sun Life Liquid Fund -Retail - IDCW,163.694,2026-06-19
100051,INF209K01KU4,INF209KA1LJ9,Aditya Birla Sun Life Liquid Fund -weekly IDCW,100.3298,2026-07-01
128954,INF846K01NH4,-,Axis Liquid Fund - Direct plan - Bonus Option,2215.5705,2020-05-05
120388,-,INF846K01DA0,Axis Liquid Fund - Direct Plan - Daily IDCW,1001.4487,2026-07-01
120389,INF846K01CX4,-,Axis Liquid Fund - Direct Plan - Growth Option,3122.6617,2026-07-01
120391,INF846K01CY2,INF846K01CZ9,Axis Liquid Fund - Direct Plan - Monthly IDCW,1002.5258,2026-07-01
120390,INF846K01DB8,INF846K01DC6,Axis Liquid Fund - Direct Plan - Weekly IDCW,1003.1246,2026-07-01
112211,-,INF846K01420,Axis Liquid Fund - Regular Plan - Daily IDCW,1001.471,2026-07-01
112210,INF846K01412,-,Axis Liquid Fund - Regular Plan - Growth Option,3093.1806,2026-07-01
112213,INF846K01453,INF846K01461,Axis Liquid Fund - Regular Plan - Monthly IDCW,1002.9212,2026-07-01
112212,INF846K01438,INF846K01446,Axis Liquid Fund - Regular Plan - Weekly IDCW,1003.1193,2026-07-01
112712,-,INF846K01362,Axis Liquid Fund - Retail Plan - Daily IDCW,1001.4487,2026-07-01
112713,INF846K01354,-,Axis Liquid Fund - Retail Plan - Growth Option,2818.483,2026-07-01
112714,INF846K01396,INF846K01404,Axis Liquid Fund - Retail Plan - Monthly IDCW,1002.4513,2026-07-01
112715,INF846K01370,INF846K01388,Axis Liquid Fund - Retail Plan - Weekly IDCW,1001.7647,2026-07-01
151835,-,INF0QA701029,Bajaj Finserv Liquid Fund - Direct Plan - Daily - IDCW,1034.6939,2026-07-01
151838,INF0QA701078,INF0QA701045,Bajaj Finserv Liquid Fund - Direct Plan - Fortnightly - IDCW,1035.7978,2026-07-01
151833,INF0QA701011,-,Bajaj Finserv Liquid Fund - Direct Plan - Growth,1224.8845,2026-07-01
151836,INF0QA701086,INF0QA701052,Bajaj Finserv Liquid Fund - Direct Plan - Monthly - IDCW,1038.4826,2026-07-01
151834,INF0QA701060,INF0QA701037,Bajaj Finserv Liquid Fund - Direct Plan - Weekly - IDCW,1035.8031,2026-07-01
151839,-,INF0QA701136,Bajaj Finserv Liquid Fund - Regular Plan - Daily - IDCW,1033.8241,2026-07-01
151841,INF0QA701151,INF0QA701110,Bajaj Finserv Liquid Fund - Regular Plan - Fortnightly - IDCW,1034.9193,2026-07-01
151837,INF0QA701094,-,Bajaj Finserv Liquid Fund - Regular Plan - Growth,1218.4616,2026-07-01
151842,INF0QA701169,INF0QA701128,Bajaj Finserv Liquid Fund - Regular Plan - Monthly - IDCW,1037.5187,2026-07-01
151840,INF0QA701144,INF0QA701102,Bajaj Finserv Liquid Fund - Regular Plan - Weekly - IDCW,1034.9228,2026-07-01
108694,INF194K01VP5,INF194K01VO8,BANDHAN LIQUID FUND - Inst Plan B - Periodic Div,0.0,2008-10-02
108692,INF194K01VZ4,INF194K01VY7,BANDHAN LIQUID Fund - Regular Plan - Daily IDCW,1001.4161,2026-07-01
108690,INF194K01VX9,-,BANDHAN LIQUID Fund - Regular Plan - Growth,3351.4088,2026-07-01
108693,INF194K01WF4,INF194K01WE7,BANDHAN LIQUID Fund - Regular Plan - Monthly IDCW,1001.8985,2026-07-01
115489,INF194K01WC1,INF194K01WB3,BANDHAN LIQUID Fund - Regular Plan - Periodic IDCW,1446.9346,2026-07-01
108691,INF194K01WI8,INF194K01WH0,BANDHAN LIQUID Fund - Regular Plan - Weekly IDCW,1002.9992,2026-07-01
139582,INF194KA14C0,-,BANDHAN LIQUID Fund - Unclaimed IDCW Less than 3 years,1.805,2026-07-01
139583,INF194KA15C7,-,BANDHAN LIQUID Fund - Unclaimed IDCW More than 3 years,1.0,2026-07-01
139584,INF194KA12C4,-,BANDHAN LIQUID Fund - Unclaimed Redemption Less than 3 years,1.805,2026-07-01
139585,INF194KA13C2,-,BANDHAN LIQUID Fund - Unclaimed Redemption More than 3 years,1.0,2026-07-01
118365,INF194K01J36,INF194K01J28,BANDHAN LIQUID Fund -Direct Plan -Monthly IDCW,1008.0657,2026-07-01
118367,INF194KB1JT8,INF194K01J51,BANDHAN LIQUID Fund -Direct Plan -Weekly IDCW,1008.7748,2026-07-01
118366,-,INF194K01I78,BANDHAN LIQUID Fund -Direct Plan-Daily IDCW,1001.6663,2026-07-01
118364,INF194K01I60,-,BANDHAN LIQUID Fund -Direct Plan-Growth,3388.919,2026-07-01
118363,INF194K01J02,INF194K01I94,BANDHAN LIQUID Fund -Direct Plan-Periodic IDCW,1365.2762,2026-07-01
141887,-,-,BANK OF INDIA Liquid Fund  Unclaimed Dividend greater than  3 years,1000.0,2021-11-30
141889,-,-,BANK OF INDIA Liquid Fund  Unclaimed Dividend Upto 3 years,1226.9964,2021-11-30
141888,-,-,BANK OF INDIA Liquid Fund  Unclaimed Redemption greater than  3 years,1000.0,2021-11-30
141890,-,-,BANK OF INDIA Liquid Fund  Unclaimed Redemption Upto 3 years,1226.8682,2021-11-30
119368,-,INF761K01CL0,BANK OF INDIA Liquid Fund- Direct Plan- Daily IDCW,1005.0,2026-07-01
119369,INF761K01785,-,BANK OF INDIA Liquid Fund- Direct Plan- Growth,3232.2054,2026-07-01
119370,-,INF761K01CM8,BANK OF INDIA Liquid Fund- Direct Plan- Weekly IDCW,1006.1214,2026-07-01
111971,-,INF761K01CO4,BANK OF INDIA Liquid Fund- Regular Plan- Daily IDCW,1005.0,2026-07-01
109254,INF761K01306,-,BANK OF INDIA Liquid Fund- Regular Plan- Growth,3199.0619,2026-07-01
109255,-,INF761K01CP1,BANK OF INDIA Liquid Fund- Regular Plan- Weekly IDCW,1006.1181,2026-07-01
119414,INF955L01AK2,-,Baroda BNP Paribas LIQUID FUND - DIRECT PLAN - DAILY IDCW OPTION,1002.0849,2026-07-01
119415,INF955L01AL0,-,Baroda BNP Paribas LIQUID FUND - DIRECT PLAN - GROWTH OPTION,3233.9518,2026-07-01
119416,INF251K01SL8,-,Baroda BNP Paribas LIQUID FUND - DIRECT PLAN - WEEKLY IDCW OPTION,1221.4256,2026-07-01
139344,INF955L01GR4,-,Baroda BNP Paribas Liquid Fund - Plan C,1422.9738,2022-03-14
116803,INF955L01534,INF955L01542,Baroda BNP Paribas Liquid Fund - Regular - Weekly IDCW Option,0.0,2013-05-03
111707,INF955L01468,INF955L01476,Baroda BNP Paribas LIQUID FUND - Regular Plan - DAILY IDCW OPTION,1001.2228,2026-07-01
111704,INF955L01484,-,Baroda BNP Paribas LIQUID FUND - Regular Plan - GROWTH OPTION,3190.0242,2026-07-01
111705,INF251K01SK0,INF955L01500,Baroda BNP Paribas LIQUID FUND - Regular Plan - WEEKLY IDCW OPTION,1001.6385,2026-07-01
